pair,year,n,wr,pf,sum
EURUSD,2015,172,0.48255813953488375,0.8480466777527922,-0.040863815352130684
EURUSD,2016,174,0.4540229885057471,0.9533202094224423,-0.008762030514675981
EURUSD,2017,179,0.6033519553072626,1.4414854907995418,0.057471262386842456
EURUSD,2018,176,0.5681818181818182,1.3547355511855066,0.05281060290932483
EURUSD,2019,208,0.5576923076923077,1.2808045125217629,0.03382144733779715
EURUSD,2020,184,0.46195652173913043,0.7593639672312759,-0.052831825831853904
EURUSD,2021,195,0.4461538461538462,0.8613450804332179,-0.02141439752655274
EURUSD,2022,470,0.7468085106382979,3.277820363181131,0.7384956902074651
EURUSD,2023,562,0.7135231316725978,2.704465772284037,0.5202966584289399
EURUSD,2024,567,0.7125220458553791,2.7947581029955213,0.4221084122396797
EURUSD,2025,535,0.7289719626168224,3.070193161532095,0.5708271976842771
EURUSD,2026,369,0.6829268292682927,2.418793302114651,0.23651508046961034
USDJPY,2015,453,0.6931567328918322,2.920692463403512,0.4697696881129894
USDJPY,2016,457,0.7133479212253829,2.858191611638493,0.6907431570541369
USDJPY,2017,535,0.7364485981308411,3.3190429426075436,0.661738418171876
USDJPY,2018,502,0.7729083665338645,3.9758497891188456,0.5960787304241264
USDJPY,2019,491,0.7433808553971487,3.7166091153141476,0.42539224164156253
USDJPY,2020,485,0.7072164948453609,2.2763563469537176,0.39843883306689265
USDJPY,2021,525,0.7295238095238096,3.2671560803857633,0.43155547757406665
USDJPY,2022,461,0.7418655097613883,3.2069225391984215,0.6590528095018909
USDJPY,2023,525,0.7123809523809523,2.9084176237775963,0.6904700976387623
USDJPY,2024,474,0.7320675105485233,2.9873425425291322,0.5751507494999182
USDJPY,2025,459,0.7015250544662309,2.688188956360066,0.5363975902656346
USDJPY,2026,327,0.7492354740061162,3.2883910520920145,0.3049652468751621
GBPUSD,2015,498,0.714859437751004,2.7888980608883838,0.5236028008810335
GBPUSD,2016,528,0.6988636363636364,2.7208277574240594,0.7580718880601265
GBPUSD,2017,532,0.6785714285714286,2.3182913507006853,0.47170655190009164
GBPUSD,2018,511,0.7181996086105675,2.831976727039203,0.5624825819980659
GBPUSD,2019,524,0.6812977099236641,2.4542159915306847,0.4865624226907953
GBPUSD,2020,515,0.6932038834951456,2.407390190507845,0.637007569031507
GBPUSD,2021,551,0.6805807622504537,2.2695111790045437,0.41978065994830416
GBPUSD,2022,527,0.7286527514231499,2.896663626944345,0.808410003002022
GBPUSD,2023,548,0.7007299270072993,2.543520756048536,0.552021171301133
GBPUSD,2024,555,0.7279279279279279,2.9865942678466504,0.47760396950494016
GBPUSD,2025,528,0.6912878787878788,2.4780353576429155,0.460761701983995
GBPUSD,2026,332,0.7018072289156626,2.6594518647984176,0.27003247897265514
AUDUSD,2015,498,0.7329317269076305,2.966743293196931,0.8749584038405773
AUDUSD,2016,517,0.7253384912959381,3.0089561081300795,0.8617940392117462
AUDUSD,2017,538,0.7156133828996283,2.809747371702107,0.5941725271334075
AUDUSD,2018,494,0.728744939271255,3.1012873746858824,0.6329316052646553
AUDUSD,2019,546,0.73992673992674,3.351039081712057,0.5712604699669154
AUDUSD,2020,472,0.75,3.476068566649488,0.8960389116609778
AUDUSD,2021,497,0.6881287726358148,2.4048125499097335,0.5267029030499422
AUDUSD,2022,490,0.7122448979591837,2.8449210311975386,0.8949521477801283
AUDUSD,2023,544,0.7242647058823529,3.0345032991817535,0.825686507489905
AUDUSD,2024,480,0.7041666666666667,2.649793594032043,0.5173630459653051
AUDUSD,2025,514,0.7509727626459144,3.3671270686412766,0.7425384306787393
AUDUSD,2026,387,0.7080103359173127,2.9078516541842165,0.4612461627878806
NZDUSD,2015,472,0.7436440677966102,3.4353496156960133,0.9890270858185364
NZDUSD,2016,516,0.7209302325581395,3.0130513796693097,0.9167285244423116
NZDUSD,2017,504,0.7023809523809523,2.7010210826947643,0.63598072820703
NZDUSD,2018,475,0.7410526315789474,3.3597486947106296,0.648900460685945
NZDUSD,2019,489,0.7259713701431493,3.25548018788792,0.547611312413693
NZDUSD,2020,483,0.7060041407867494,2.862031566224281,0.773361959857417
NZDUSD,2021,502,0.6792828685258964,2.366840101865276,0.5527183588784418
NZDUSD,2022,456,0.7346491228070176,3.140898330206439,0.8878645898972914
NZDUSD,2023,517,0.6692456479690522,2.3266727566293564,0.6450300715673065
NZDUSD,2024,468,0.6901709401709402,2.618451549332388,0.5043833641907941
NZDUSD,2025,490,0.6959183673469388,2.739042594105078,0.5917723334742374
NZDUSD,2026,323,0.6934984520123839,2.6018785751511695,0.3591590498881105
USDCAD,2015,500,0.7,2.62409089867453,0.5682799977363867
USDCAD,2016,529,0.6956521739130435,2.5208055522905206,0.5962343206825749
USDCAD,2017,552,0.7264492753623188,3.059852865921689,0.559743676927738
USDCAD,2018,512,0.6875,2.558303834164377,0.43630104000418884
USDCAD,2019,544,0.71875,2.968193746456582,0.37380124082689176
USDCAD,2020,496,0.7036290322580645,2.9323951911585646,0.5544033913855064
USDCAD,2021,508,0.6751968503937008,2.3399019066753928,0.39001009154916977
USDCAD,2022,502,0.701195219123506,2.6694295576499973,0.5517125842716413
USDCAD,2023,570,0.7228070175438597,2.935853908942365,0.489590090201489
USDCAD,2024,531,0.7080979284369114,2.5855047587146114,0.3065225656139774
USDCAD,2025,539,0.7402597402597403,3.6020703852379903,0.47280752903036005
USDCAD,2026,381,0.6561679790026247,2.3256379203809545,0.19163264983277634
EURJPY,2015,492,0.693089430894309,2.567172890830617,0.6042508440632701
EURJPY,2016,528,0.7518939393939394,3.810821423064996,0.9627765287029725
EURJPY,2017,523,0.7093690248565966,2.9035357197832705,0.5886333644178554
EURJPY,2018,495,0.7818181818181819,3.9772946290041884,0.7110336739920209
EURJPY,2019,528,0.7689393939393939,3.9329631609444604,0.5515497082150567
EURJPY,2020,503,0.709741550695825,2.982171269275491,0.5847309249305422
EURJPY,2021,534,0.704119850187266,2.627539234077371,0.39882765828216016
EURJPY,2022,504,0.6884920634920635,2.637391619800565,0.713807602747291
EURJPY,2023,539,0.7309833024118738,2.8531239894433313,0.6692423476365416
EURJPY,2024,461,0.7331887201735358,3.1569689324581964,0.5740351751950585
EURJPY,2025,504,0.6924603174603174,2.7473347466528635,0.5129813501013472
EURJPY,2026,323,0.7120743034055728,2.8293527118921014,0.2393792368248348
EURGBP,2015,466,0.6824034334763949,2.316322937485544,0.5051732473838116
EURGBP,2016,513,0.6900584795321637,2.4262053549614104,0.649367561000894
EURGBP,2017,588,0.7193877551020408,2.964578808093124,0.6414005023637708
EURGBP,2018,563,0.7051509769094139,2.6011568957833138,0.4475862241098825
EURGBP,2019,535,0.6691588785046729,2.083376046989771,0.38568447202807293
EURGBP,2020,513,0.6783625730994152,2.196984006579587,0.4755197492338111
EURGBP,2021,543,0.7090239410681399,2.623945423329136,0.3940799429803178
EURGBP,2022,526,0.6977186311787072,2.350090455027627,0.4610686401422697
EURGBP,2023,539,0.660482374768089,2.1267037935443036,0.31071958575117675
EURGBP,2024,548,0.6624087591240876,2.158908115645297,0.2365926815772
EURGBP,2025,536,0.6884328358208955,2.582843304029032,0.34544206819646206
EURGBP,2026,385,0.6675324675324675,2.051415749010142,0.1320561874524675
USDCHF,2015,534,0.6722846441947565,2.345033170079575,0.6598515772025795
USDCHF,2016,555,0.7351351351351352,2.796261016937887,0.601870157587022
USDCHF,2017,558,0.7347670250896058,3.2827218790214614,0.6148434240319152
USDCHF,2018,533,0.7110694183864915,2.8491648538918732,0.49310170792119384
USDCHF,2019,531,0.6817325800376648,2.2988032142519734,0.326700800583422
USDCHF,2020,521,0.6890595009596929,2.255986590678241,0.4241381752726429
USDCHF,2021,514,0.6712062256809338,2.331456463834306,0.3589337318310807
USDCHF,2022,520,0.725,2.9676533881794884,0.7017108546763035
USDCHF,2023,526,0.7053231939163498,2.686786239916798,0.5379519679679847
USDCHF,2024,517,0.7021276595744681,2.5740969900329302,0.42006848503436756
USDCHF,2025,515,0.6990291262135923,2.5267068270850683,0.5114941892379788
USDCHF,2026,387,0.6976744186046512,2.3722879889258297,0.30321376893824054
GBPJPY,2015,473,0.6976744186046512,2.7547661097893332,0.568749403087094
GBPJPY,2016,533,0.7204502814258912,3.0882731351600192,1.147413421784392
GBPJPY,2017,516,0.7015503875968992,2.734459364291168,0.6962420092703057
GBPJPY,2018,530,0.7264150943396226,3.018968526185518,0.7306964407230694
GBPJPY,2019,504,0.7023809523809523,2.6713943210087465,0.5843692172881854
GBPJPY,2020,481,0.6923076923076923,2.3162142409572173,0.6177362301740518
GBPJPY,2021,532,0.6860902255639098,2.303401264425196,0.4356901056442577
GBPJPY,2022,464,0.7176724137931034,2.830597541658446,0.7425466997612684
GBPJPY,2023,529,0.7448015122873346,3.124636165758119,0.7616561922195024
GBPJPY,2024,472,0.7161016949152542,2.7629650684521136,0.5514804726757301
GBPJPY,2025,510,0.7019607843137254,2.8900403298336674,0.5930141842079016
GBPJPY,2026,360,0.7194444444444444,2.8452027054221807,0.30436185562721857
