ym,n,wr,pf,sum,pf12
2015-02,20,0.65,1.7680089124891123,0.014793887619889201,
2015-03,24,0.4166666666666667,0.5772437789312611,-0.023894758352994597,
2015-04,11,0.45454545454545453,0.8432009333533741,-0.003564783823426499,
2015-05,12,0.5,1.3509493581046612,0.005954490621530502,
2015-06,13,0.6153846153846154,1.588829657291013,0.0129567589123915,
2015-07,21,0.42857142857142855,0.70530700932782,-0.008988739932980482,1.138923274916207
2015-08,10,0.3,0.2632413803593609,-0.0167281102492437,1.0138258614080862
2015-09,9,0.2222222222222222,0.1766268397243977,-0.0181819631657491,0.9091759836976251
2015-10,16,0.6875,2.0192362026897444,0.0111175524813385,1.0325160080300828
2015-11,16,0.5,0.9237441205206938,-0.0015594998040645005,1.021638819279144
2015-12,20,0.4,0.4848383491438353,-0.012768649658821511,0.9728387765395703
2016-01,13,0.6923076923076923,2.6301399066975804,0.014992041130054,1.110947204052738
2016-02,12,0.8333333333333334,8.608815856832507,0.023680615051598203,1.6810144494146873
2016-03,20,0.35,0.750899396937477,-0.0057948984155027,1.6954857509152053
2016-04,19,0.3684210526315789,0.47038096012171887,-0.0175651433694155,1.6644174198125674
2016-05,19,0.3684210526315789,0.48842226416114043,-0.01138650722893255,1.5925401619839408
2016-06,14,0.5,1.2785176223159422,0.004811836677059199,1.566680825736018
2016-07,9,0.2222222222222222,0.08655642876412115,-0.0128632809169807,1.5151182773557101
2016-08,17,0.4117647058823529,0.5831924178402612,-0.0071099580949239,1.5417808638124517
2016-09,19,0.3684210526315789,0.6977170629049674,-0.0065352015487944,1.5852050490774994
2016-10,12,0.4166666666666667,1.0343405169272029,0.00032646531241677687,1.5031304085972874
2016-11,6,0.5,1.1072785081522012,0.0004928474851833,1.518424940899913
2016-12,14,0.5714285714285714,1.6513681985152144,0.008189153403562298,1.6156357616808614
2017-01,10,0.6,1.5342457488534982,0.0057850841363676995,1.524311248527188
2017-02,10,0.8,4.0027094592022,0.0130919812858994,1.140469048724662
2017-03,18,0.6666666666666666,1.8353348898994895,0.010036741889434394,1.230838673138163
2017-04,19,0.47368421052631576,0.8199517267014989,-0.003274716361918395,1.2599695703531448
2017-05,14,0.5,1.012952454646072,0.00014428933221007686,1.3036804195602225
2017-06,18,0.8333333333333334,4.744608562153354,0.0181251098514485,1.59252133121334
2017-07,15,0.6,1.230502145775059,0.0019511077451036538,1.6878501409642517
2017-08,17,0.5294117647058824,0.9864945792511285,-0.00020631988800310069,1.721458654415157
2017-09,12,0.5,0.9046080980060948,-0.0015344929537937,1.7386995740069178
2017-10,10,0.5,0.7312648265442494,-0.0024884275896047995,1.7134432664750052
2017-11,14,0.6428571428571429,1.640227304642682,0.0059373038485480995,1.757855666182545
2017-12,22,0.5909090909090909,1.948271176749892,0.009903601091150634,1.7825975810354349
2018-01,11,0.6363636363636364,2.2216233344473415,0.0090042290077958,1.8398790465015884
2018-02,8,0.625,1.0457887867259286,0.00034971834441185293,1.593468990461899
2018-03,19,0.42105263157894735,0.7930897970841405,-0.004332578202980499,1.506615232727287
2018-04,13,0.38461538461538464,0.5679248570565814,-0.0067886042948411,1.4856129935902105
2018-05,20,0.8,3.9129151103847475,0.024012779966917704,1.7272765482350998
2018-06,14,0.5,0.9547754605913243,-0.0007466699605272998,1.4114571231049309
2018-07,17,0.6470588235294118,1.7288671366710744,0.009526458250531101,1.452987539012932
2018-08,17,0.7058823529411765,2.7439480375577974,0.014327559123086099,1.599441993871821
2018-09,13,0.5384615384615384,1.0437386823759742,0.0005130101988301723,1.611036209235978
2018-10,15,0.5333333333333333,1.2467737317191754,0.0034619192753035993,1.6539952846672215
2018-11,14,0.6428571428571429,3.016942776059534,0.013465376005414595,1.768721573951959
2018-12,15,0.3333333333333333,0.4673188936386489,-0.0099825948046172,1.645308883692689
2019-01,15,0.5333333333333333,0.9044906732395327,-0.0012084632720166823,1.5355478285920385
2019-02,19,0.631578947368421,2.801295785072391,0.01253175673964303,1.6818400784542435
2019-03,23,0.6086956521739131,1.5035008062916106,0.006816616927375901,1.7410409958881992
2019-04,22,0.4090909090909091,0.6940802698451489,-0.004285838405148351,1.7515539469539132
2019-05,22,0.5,0.6776390644927819,-0.004916138865164895,1.4819476097962496
2019-06,12,0.8333333333333334,4.419046700047884,0.012036183262905299,1.7706368797509626
2019-07,22,0.6363636363636364,1.7645799858996145,0.0069390796885586015,1.7736129505200078
2019-08,13,0.5384615384615384,1.4779879739117128,0.0032136872543032996,1.668116278549501
2019-09,14,0.5,0.9023786963459431,-0.0012748646071480004,1.656336279713665
2019-10,17,0.35294117647058826,0.6459036902335054,-0.005049203865502248,1.6062637762565257
2019-11,13,0.6923076923076923,2.3358012923140667,0.0055456097419372,1.5495019859444035
2019-12,16,0.5625,1.4792510472893816,0.003473022738053999,1.6338296654152977
2020-01,22,0.5,0.8951951224585223,-0.0014411879583504424,1.6330550361835467
2020-02,14,0.5,1.0274081124873284,0.0002757184539771999,1.485231063468125
2020-03,19,0.3684210526315789,0.5936154372656615,-0.021856806969286796,1.4094072827159625
2020-04,15,0.4666666666666667,0.8317444555190019,-0.0034294217367859007,1.4208792981887834
2020-05,14,0.35714285714285715,0.644887698485054,-0.0065628289503071,1.4181500176881396
2020-06,13,0.38461538461538464,0.6284061161303567,-0.0070788622384812625,1.102263302361679
2020-07,18,0.5,1.250083429557068,0.0040903525632104,1.0593885893331336
2020-08,11,0.36363636363636365,0.33827912804599364,-0.010626782332902401,0.964412852177657
2020-09,14,0.5,0.7962519705038303,-0.003118352622013099,0.9555689583574809
2020-10,19,0.5789473684210527,1.3675835013258937,0.00462072498786474,1.01570894261518
2020-11,15,0.4,0.5578205504458952,-0.006990569112571999,0.8675438807928323
2020-12,10,0.6,0.91013347624527,-0.0007138099162072426,0.8201174165391564
2021-01,9,0.4444444444444444,0.8014308695763974,-0.0010892678939508997,0.8123037287989793
2021-02,21,0.42857142857142855,0.8931874792037855,-0.0019074449308065008,0.8011186760253506
2021-03,10,0.4,0.6095257746340476,-0.0036468127868703997,0.802444537472716
2021-04,15,0.3333333333333333,0.4345496878473769,-0.0099648591539074,0.7693449735000808
2021-05,18,0.2777777777777778,0.4483777176538486,-0.010982937503849757,0.752969141764147
2021-06,9,0.2222222222222222,0.3768761074730455,-0.0044694048867675,0.732008307709371
2021-07,18,0.4444444444444444,0.8219415822728041,-0.0026783735240851,0.6963298204356824
2021-08,23,0.43478260869565216,0.7444061321761937,-0.0042934525639512,0.7301737374465324
2021-09,18,0.4444444444444444,0.9205574214897433,-0.0008148428433528007,0.7405325250286917
2021-10,18,0.6111111111111112,1.5185004777865518,0.004914742143787201,0.7531089397337466
2021-11,18,0.6111111111111112,1.6221274047540728,0.0080986315486247,0.8418011775927615
2021-12,18,0.5555555555555556,1.4349002733407659,0.005419624868576917,0.8855317440173861
2022-01,13,0.46153846153846156,0.4429346553121253,-0.0063048720881703,0.8556570594953635
2022-02,16,0.625,1.7071066196138067,0.009690469495804899,0.923483654529532
2022-03,27,0.7037037037037037,2.248002128719015,0.030558392433599996,1.0600233507032792
2022-04,40,0.75,3.9065831804308755,0.05381921882930771,1.3493594750852373
2022-05,48,0.75,3.428579474617475,0.0730540503445815,1.5977096214988729
2022-06,44,0.8181818181818182,4.190267601957267,0.07399137139509082,1.9154922460392247
2022-07,41,0.8292682926829268,5.445299125553908,0.0995896552326009,2.30077204131265
2022-08,48,0.7708333333333334,3.65771598244518,0.0753062411892729,2.5435478621683987
2022-09,45,0.7111111111111111,2.690694992234788,0.0708644380710749,2.6910593263971525
2022-10,41,0.6829268292682927,2.2394194041978586,0.056813699981758205,2.751135903598095
2022-11,56,0.75,3.671284888784568,0.1121211114821416,2.921899027267303
2022-12,51,0.803921568627451,4.964221062580081,0.08899191384040199,3.2160090930372456
2023-01,51,0.6078431372549019,1.9261895392464812,0.040567643782206085,3.3396136666984417
2023-02,41,0.6585365853658537,2.062925989332719,0.0328647763156595,3.3692652808416845
2023-03,54,0.8148148148148148,4.2149739637322625,0.07356094134357691,3.533179600426122
2023-04,50,0.62,1.7641651974729247,0.0269422501617509,3.354644768512959
2023-05,52,0.7307692307692307,2.5782308185641467,0.04560125032507799,3.2837823805085153
2023-06,53,0.7358490566037735,3.1893547784830933,0.05152383640394189,3.200372978552334
2023-07,37,0.7567567567567568,3.375140162492153,0.035586572572364604,3.0278597316305214
2023-08,44,0.7272727272727273,3.0238174653459136,0.043513538045426924,2.975034855205582
2023-09,44,0.75,3.255168177436174,0.0399570449493866,3.022074287305698
2023-10,43,0.7441860465116279,2.930949305144708,0.04443484860787541,3.0797017790512684
2023-11,47,0.6808510638297872,2.3233890716463352,0.03360127479571882,2.9673771276230827
2023-12,46,0.7391304347826086,4.0026053828256405,0.052142681125954216,2.887242487643546
2024-01,53,0.660377358490566,1.9707050763477723,0.031677925762883516,2.8909521157353204
2024-02,50,0.76,3.5539524057089324,0.0388229591576399,3.015204317100005
2024-03,50,0.76,3.127411997899847,0.034647756029199506,2.9245741532806364
2024-04,50,0.8,4.415916522278505,0.052997990304288006,3.145553430347768
2024-05,52,0.6346153846153846,2.3397080336701768,0.025910166593936298,3.1256765316066044
2024-06,44,0.7727272727272727,4.130827910748959,0.03781707673997177,3.2041326259620937
2024-07,51,0.7058823529411765,2.7918377942540435,0.02892303978431325,3.155524095275584
2024-08,46,0.6086956521739131,1.668772329948252,0.017496066612283305,3.042603667325779
2024-09,43,0.7674418604651163,3.9962448724227797,0.03842736490902352,3.1043600585746627
2024-10,49,0.6938775510204082,2.2649359153602897,0.02453795352955253,3.0488589427592943
2024-11,44,0.6136363636363636,2.481139193834505,0.051270539506915694,3.0620047862749753
2024-12,35,0.8,3.6401009151232144,0.03957957330967239,3.031796080633106
2025-01,41,0.8048780487804879,4.03126329680466,0.0606922860707093,3.20350926567118
2025-02,46,0.6521739130434783,1.9585309278723158,0.0300176336627608,3.070557475851462
2025-03,43,0.7209302325581395,2.643737860701157,0.046318197017264424,3.030251297751572
2025-04,54,0.7777777777777778,4.4840846377937815,0.1297990618185011,3.035931974044511
2025-05,46,0.6956521739130435,3.0354114678121276,0.053353334965505705,3.0939072602230073
2025-06,35,0.7428571428571429,3.833776881440777,0.04199342010497846,3.0691530077806592
2025-07,42,0.7619047619047619,3.1925489275493977,0.04539807179591487,3.1025456022219378
2025-08,35,0.7142857142857143,2.917326687343444,0.0332076122642865,3.2065917986715378
2025-09,50,0.7,2.8190369759361866,0.04205443238938909,3.1084911406309885
2025-10,52,0.6923076923076923,2.1942950385854707,0.0306252587394225,3.1026044008997533
2025-11,40,0.7,2.125623169396959,0.019594355141855202,3.0729780655299574
2025-12,51,0.7843137254901961,3.7495696871933717,0.0377735337136892,3.0821004632024707
2026-01,45,0.6888888888888889,2.714954574855073,0.034074963239631696,2.972408069706672
2026-02,41,0.7804878048780488,4.034158672660777,0.0382930669757261,3.1453770484390433
2026-03,47,0.7021276595744681,2.4469598657892524,0.04608035678631297,3.128978882196385
2026-04,43,0.7441860465116279,2.9546694255517156,0.03562644431794101,3.001527614509546
2026-05,37,0.6216216216216216,1.6325985102763343,0.012477279051664758,2.8846265347148967
2026-06,42,0.6428571428571429,1.979398710993269,0.0205033357082953,2.7300950205109378
2026-07,47,0.6170212765957447,1.9813039081855315,0.021465694667767404,2.6291579355639487
2026-08,39,0.717948717948718,3.1086804555194805,0.0184111813748851,2.645104082911952
2026-09,28,0.6071428571428571,1.744309951994237,0.009582758347385999,2.555543497583456
