rule,n,wr,pf,sum,dd_sum,veto_n,d_pf,d_sum,d_dd
conf_atr_lt_0.2,2012,0.687375745526839,2.404237718144873,1.8602348388009653,-0.06382287227087619,1779,0.41556420145291817,-0.648239443637816,0.040838870790357515
qw_a0.35_c0.7,2418,0.6865177832919769,2.400719088122676,2.144748754656386,-0.07508454188308424,1373,0.41204557143072096,-0.3637255277823952,0.029577201178149465
conf_atr_lt_0.18,2180,0.6788990825688074,2.32102091496748,1.9179645192972878,-0.06853259340973827,1611,0.33234739827552495,-0.5905097631414935,0.036129149651495426
qw_a0.3_c0.7,2575,0.6792233009708738,2.3161194370856033,2.1816786935828443,-0.0733148268672085,1216,0.3274459203936484,-0.32679558885593707,0.0313469161940252
qw_a0.25_c0.75,2533,0.6774575602052901,2.3054140589873233,2.1485160195441084,-0.0769903738459078,1258,0.3167405422953684,-0.3599582628946729,0.027671369215325897
conf_atr_lt_0.15,2424,0.676980198019802,2.2917953600421446,2.0604774725065007,-0.08778986936692004,1367,0.30312184335018966,-0.44799680993228064,0.016871873694313658
qw_a0.25_c0.7,2761,0.6751177109742846,2.2712498120377442,2.261816520397731,-0.09089469883413427,1030,0.2825762953457893,-0.24665776204105017,0.013767044227099429
weak_confatr_lt_0.15,2822,0.6750531537916371,2.2676270621788635,2.3006367724314294,-0.09854863019368074,969,0.27895354548690854,-0.20783751000735196,0.006113112867552964
conf_atr_lt_0.12,2702,0.6750555144337528,2.249553661632841,2.2199635044634607,-0.0816154812820882,1089,0.2608801449408862,-0.28851077797532065,0.023046261779145497
qw_a0.2_c0.75,2760,0.6728260869565217,2.2379683506315957,2.238364642597449,-0.08983295421039535,1031,0.2492948339396408,-0.2701096398413325,0.014828788850838354
asia_conf_lt_070,2807,0.6704666904168151,2.2218641964083434,2.203273303795644,-0.08527731474636613,984,0.23319067971638852,-0.30520097864313733,0.01938442831486757
qw_a0.2_c0.7,2957,0.6712884680419344,2.2196646259768724,2.3404809892454175,-0.09660232578389764,834,0.2309911092849175,-0.16799329319336387,0.008059417277336056
weak_confatr_lt_0.12,3010,0.6700996677740864,2.197643728597212,2.3527667509570334,-0.0917378779694985,781,0.20897021190525722,-0.15570753148174798,0.012923865091735195
skip_asia_all,2464,0.666801948051948,2.1893635334023274,1.9254233012209494,-0.07625072183984716,1327,0.20069001671037245,-0.5830509812178319,0.028411021221386543
conf_atr_lt_0.1,2873,0.6682909850330665,2.1824126652728073,2.2622025517122895,-0.09932228908508546,918,0.1937391485808524,-0.2462717307264919,0.00533945397614824
asia_quiet_0.35,2831,0.6651359943482869,2.1688290776891495,2.204991330531811,-0.08118527612384219,960,0.18015556099719454,-0.3034829519069704,0.023476466937391513
conf_atr_lt_0.08,3027,0.6653452262966634,2.1566381918882787,2.3299209790843927,-0.10200554794804359,764,0.16796467519632374,-0.17855330335438868,0.00265619511319011
weak_confatr_lt_0.1,3130,0.6648562300319489,2.146781652947124,2.370469898504003,-0.10485736438222285,661,0.15810813625516928,-0.1380043839347782,-0.00019562132098914498
asia_quiet_0.3,2904,0.6621900826446281,2.1380233261879504,2.2188466702170992,-0.08209886105229508,887,0.14934980949599552,-0.2896276122216821,0.02256288200893862
asia_confatr_lt_0.15,3059,0.6619810395554102,2.136760308096709,2.3140934970670295,-0.09628206999105668,732,0.1480867914047539,-0.19438078537175185,0.008379673070177021
asia_confatr_lt_0.18,2977,0.6617400067181727,2.1341282456315174,2.2608627702164528,-0.08857981259276422,814,0.14545472893956246,-0.24761151222232858,0.01608193046846948
asia_quiet_0.25,3015,0.6613598673300166,2.130509111434577,2.2757490937638356,-0.09004338898218134,776,0.1418355947426222,-0.23272518867494574,0.014618354079052362
asia_ny_quiet_0.3,2860,0.6611888111888112,2.127000561037016,2.1835771363040966,-0.07949681908589963,931,0.13832704434506127,-0.3248971461346848,0.02516492397533407
asia_confatr_lt_0.12,3179,0.6615287826360491,2.1259224722652545,2.377992911275987,-0.0974563743352955,612,0.13724895557329964,-0.13048137116279435,0.007205368725938202
asia_conf_lt_065,3181,0.6642565231059415,2.123745097659785,2.3409427870521755,-0.10351836901949285,610,0.13507158096783023,-0.16753149538660583,0.0011433740417408494
asia_ny_quiet_0.25,2980,0.6604026845637584,2.1219356216243703,2.246454492882936,-0.0874413470157859,811,0.13326210493241541,-0.26201978955584515,0.017220396045447797
asia_quiet_0.2,3124,0.6600512163892446,2.113705314081113,2.3257081191319866,-0.09694206890864206,667,0.12503179738915815,-0.18276616330679474,0.0077196741525916435
asia_ny_quiet_0.2,3101,0.6594646888100613,2.1090503063513646,2.306977965179694,-0.09434002694224658,690,0.12037678965940968,-0.20149631725908757,0.01032171611898712
asia_confatr_lt_0.1,3251,0.6579513995693633,2.0928245872452442,2.3772461515693895,-0.10607604105251757,540,0.10415107055328932,-0.1312281308693919,-0.0014142979912838693
london_quiet_0.25,3168,0.6584595959595959,2.0842066472875853,2.268429738174915,-0.0845773788107984,623,0.0955331305956304,-0.24004454426386657,0.020084364250435305
conf_atr_lt_0.05,3269,0.6579993881921077,2.083076034597081,2.374070576690511,-0.09437995992661949,522,0.094402517905126,-0.13440370574827032,0.010281783134614211
asia_ny_quiet_0.15,3242,0.6563849475632326,2.0819123844527003,2.357948143855902,-0.10393348819244726,549,0.09323886776074541,-0.15052613858287955,0.0007282548687864432
asia_quiet_0.15,3256,0.6560196560196561,2.079893547822312,2.362320665694729,-0.10653553015884276,535,0.09122003113035726,-0.14615361674405225,-0.0018737870976090615
asia_quiet_0.1,3369,0.6562778272484416,2.0732991045373685,2.4211945309382137,-0.09857253102086361,422,0.08462558784541363,-0.08727975150056766,0.006089212040370093
london_quiet_0.2,3305,0.6559757942511346,2.0627706261411363,2.3293763969335415,-0.08870200379300446,486,0.07409710944918135,-0.17909788550523986,0.015959739268229245
london_quiet_0.15,3449,0.654682516671499,2.0487024390822755,2.4043485473141724,-0.10203090471070356,342,0.06002892239032054,-0.10412573512460899,0.002630838350530143
