pair,window_start,window_end,n_bars,one_way_p50,one_way_p90,stamp_rejected,reject_reason,notes
EURUSD,2025-11-13,2026-08-31,5000,0.4,0.7,False,,Duka BidClose/AskClose; pre-2026-09; last 5000 usable BA bars; unique_rounded=81; constant-stamp rejected
USDJPY,2025-11-11,2026-08-31,5000,0.5,1.2,False,,Duka BidClose/AskClose; pre-2026-09; last 5000 usable BA bars; unique_rounded=122; constant-stamp rejected
BTCUSD,,,0,,,True,no usable BidClose/AskClose before 2026-09-01 (watch-only/pin-skip),stamp_rejected; no honest Duka BA window
AUDUSD,2025-11-11,2026-08-31,5000,0.9,1.3,False,,Duka BidClose/AskClose; pre-2026-09; last 5000 usable BA bars; unique_rounded=78; constant-stamp rejected
NZDUSD,2025-11-11,2026-08-31,5000,1.0,1.6,False,,Duka BidClose/AskClose; pre-2026-09; last 5000 usable BA bars; unique_rounded=112; constant-stamp rejected
USDCAD,2025-11-11,2026-08-31,5000,1.2,1.8,False,,Duka BidClose/AskClose; pre-2026-09; last 5000 usable BA bars; unique_rounded=112; constant-stamp rejected
EURJPY,2025-11-11,2026-08-31,5000,0.9,2.0,False,,Duka BidClose/AskClose; pre-2026-09; last 5000 usable BA bars; unique_rounded=140; constant-stamp rejected
EURGBP,2025-11-11,2026-08-31,5000,0.7,1.4,False,,Duka BidClose/AskClose; pre-2026-09; last 5000 usable BA bars; unique_rounded=96; constant-stamp rejected
USDCHF,2025-11-11,2026-08-31,5000,0.8,1.5,False,,Duka BidClose/AskClose; pre-2026-09; last 5000 usable BA bars; unique_rounded=126; constant-stamp rejected
GBPJPY,2025-11-11,2026-08-31,5000,1.7,3.8,False,,Duka BidClose/AskClose; pre-2026-09; last 5000 usable BA bars; unique_rounded=202; constant-stamp rejected
GBPUSD,2025-11-11,2026-08-31,5000,0.7,1.4,False,,Duka BidClose/AskClose; pre-2026-09; last 5000 usable BA bars; unique_rounded=131; constant-stamp rejected
