datetime,pair,timeframe,close,signal,raw_signal,confidence,dir_edge,p_buy,p_sell,p_hold,model
2026-09-28 15:00:00,EURGBP,1h,0.857450008392334,HOLD,HOLD,0.8336,0.028,0.0972,0.0692,0.8336,xgboost
2026-09-28 16:00:00,EURGBP,1h,0.8572800159454346,HOLD,HOLD,0.8761,0.0181,0.071,0.0529,0.8761,xgboost
2026-09-28 17:00:00,EURGBP,1h,0.8575000166893005,HOLD,HOLD,0.9101,0.0141,0.052,0.0379,0.9101,xgboost
2026-09-28 18:00:00,EURGBP,1h,0.8573099970817566,HOLD,HOLD,0.9137,0.0213,0.0538,0.0325,0.9137,xgboost
2026-09-28 19:00:00,EURGBP,1h,0.8577700257301331,HOLD,HOLD,0.8259,0.0163,0.0789,0.0952,0.8259,xgboost
2026-09-28 20:00:00,EURGBP,1h,0.8577799797058105,HOLD,HOLD,0.8043,0.0518,0.1238,0.0719,0.8043,xgboost
2026-09-28 21:00:00,EURGBP,1h,0.8575800061225891,HOLD,HOLD,0.8347,0.0482,0.1067,0.0586,0.8347,xgboost
2026-09-28 22:00:00,EURGBP,1h,0.8579300045967102,HOLD,HOLD,0.8135,0.0183,0.0841,0.1024,0.8135,xgboost
2026-09-28 23:00:00,EURGBP,1h,0.8578699827194214,HOLD,HOLD,0.6254,0.1723,0.2734,0.1012,0.6254,xgboost
2026-09-29 00:00:00,EURGBP,1h,0.8579800128936768,HOLD,HOLD,0.5397,0.298,0.3792,0.0811,0.5397,xgboost
2026-09-29 01:00:00,EURGBP,1h,0.85794997215271,HOLD,HOLD,0.4903,0.4152,0.4624,0.0472,0.4903,xgboost
2026-09-29 02:00:00,EURGBP,1h,0.8578799962997437,HOLD,BUY,0.5515,0.4933,0.5515,0.0582,0.3902,xgboost
2026-09-29 03:00:00,EURGBP,1h,0.8580499887466431,HOLD,HOLD,0.4737,0.0568,0.2348,0.2916,0.4737,xgboost
2026-09-29 04:00:00,EURGBP,1h,0.8582299947738647,HOLD,HOLD,0.4184,0.0719,0.2548,0.3268,0.4184,xgboost
2026-09-29 05:00:00,EURGBP,1h,0.8581799864768982,HOLD,HOLD,0.5481,0.039,0.2064,0.2455,0.5481,xgboost
2026-09-29 06:00:00,EURGBP,1h,0.8579999804496765,HOLD,HOLD,0.6008,0.04,0.2196,0.1796,0.6008,xgboost
2026-09-29 07:00:00,EURGBP,1h,0.8575900197029114,HOLD,BUY,0.5257,0.4433,0.5257,0.0824,0.3919,xgboost
2026-09-29 08:00:00,EURGBP,1h,0.8572199940681458,BUY,BUY,0.6038,0.5513,0.6038,0.0526,0.3436,xgboost
2026-09-29 09:00:00,EURGBP,1h,0.8571000099182129,BUY,BUY,0.7973,0.7415,0.7973,0.0559,0.1468,xgboost
2026-09-29 10:00:00,EURGBP,1h,0.857200026512146,BUY,BUY,0.8113,0.7491,0.8113,0.0622,0.1265,xgboost
2026-09-29 11:00:00,EURGBP,1h,0.857010006904602,BUY,BUY,0.7421,0.6574,0.7421,0.0847,0.1733,xgboost
2026-09-29 12:00:00,EURGBP,1h,0.8577899932861328,HOLD,HOLD,0.3833,0.0883,0.3525,0.2642,0.3833,xgboost
2026-09-29 13:00:00,EURGBP,1h,0.8573399782180786,HOLD,BUY,0.4895,0.3891,0.4895,0.1004,0.4101,xgboost
2026-09-29 14:00:00,EURGBP,1h,0.8581299781799316,HOLD,HOLD,0.5034,0.3959,0.0503,0.4462,0.5034,xgboost
2026-09-29 15:00:00,EURGBP,1h,0.8580300211906433,HOLD,HOLD,0.6281,0.2882,0.0418,0.33,0.6281,xgboost
2026-09-29 16:00:00,EURGBP,1h,0.8567699790000916,HOLD,HOLD,0.9109,0.0039,0.0426,0.0465,0.9109,xgboost
2026-09-29 17:00:00,EURGBP,1h,0.8568599820137024,HOLD,HOLD,0.9548,0.0012,0.0232,0.022,0.9548,xgboost
2026-09-29 18:00:00,EURGBP,1h,0.8572999835014343,HOLD,HOLD,0.9459,0.0082,0.0229,0.0312,0.9459,xgboost
2026-09-29 19:00:00,EURGBP,1h,0.8570899963378906,HOLD,HOLD,0.9262,0.0026,0.0356,0.0382,0.9262,xgboost
2026-09-29 20:00:00,EURGBP,1h,0.8570500016212463,HOLD,HOLD,0.8973,0.0045,0.0491,0.0536,0.8973,xgboost
2026-09-29 21:00:00,EURGBP,1h,0.8573899865150452,HOLD,HOLD,0.8932,0.0327,0.037,0.0698,0.8932,xgboost
2026-09-29 22:00:00,EURGBP,1h,0.8571799993515015,HOLD,HOLD,0.8162,0.0689,0.0574,0.1263,0.8162,xgboost
2026-09-29 23:00:00,EURGBP,1h,0.8571599721908569,HOLD,HOLD,0.6038,0.0861,0.2411,0.155,0.6038,xgboost
2026-09-30 00:00:00,EURGBP,1h,0.8570899963378906,HOLD,HOLD,0.6389,0.2136,0.2874,0.0738,0.6389,xgboost
2026-09-30 01:00:00,EURGBP,1h,0.8568699955940247,HOLD,HOLD,0.6787,0.1706,0.246,0.0754,0.6787,xgboost
2026-09-30 02:00:00,EURGBP,1h,0.856719970703125,HOLD,HOLD,0.5696,0.1044,0.2674,0.163,0.5696,xgboost
2026-09-30 03:00:00,EURGBP,1h,0.8567799925804138,HOLD,HOLD,0.5489,0.15,0.3005,0.1505,0.5489,xgboost
2026-09-30 04:00:00,EURGBP,1h,0.8567000031471252,HOLD,HOLD,0.452,0.0948,0.3214,0.2266,0.452,xgboost
2026-09-30 05:00:00,EURGBP,1h,0.8564299941062927,HOLD,HOLD,0.4651,0.1323,0.3336,0.2013,0.4651,xgboost
2026-09-30 06:00:00,EURGBP,1h,0.8562600016593933,HOLD,BUY,0.541,0.4415,0.541,0.0995,0.3595,xgboost
2026-09-30 07:00:00,EURGBP,1h,0.8553599715232849,HOLD,BUY,0.5456,0.4429,0.5456,0.1027,0.3517,xgboost
2026-09-30 08:00:00,EURGBP,1h,0.8555799722671509,HOLD,BUY,0.5428,0.4623,0.5428,0.0804,0.3768,xgboost
2026-09-30 09:00:00,EURGBP,1h,0.8552500009536743,HOLD,HOLD,0.5763,0.2021,0.3129,0.1108,0.5763,xgboost
2026-09-30 10:00:00,EURGBP,1h,0.8544999957084656,HOLD,BUY,0.549,0.3597,0.549,0.1893,0.2617,xgboost
2026-09-30 11:00:00,EURGBP,1h,0.8541600108146667,HOLD,BUY,0.3964,0.1884,0.3964,0.208,0.3955,xgboost
2026-09-30 12:00:00,EURGBP,1h,0.8551200032234192,BUY,BUY,0.6469,0.5068,0.6469,0.1401,0.2131,xgboost
2026-09-30 13:00:00,EURGBP,1h,0.8549399971961975,HOLD,BUY,0.4806,0.3342,0.4806,0.1464,0.373,xgboost
2026-09-30 14:00:00,EURGBP,1h,0.8549699783325195,HOLD,HOLD,0.5101,0.2263,0.3581,0.1318,0.5101,xgboost
2026-09-30 15:00:00,EURGBP,1h,0.8550800085067749,HOLD,HOLD,0.4556,0.1879,0.3661,0.1782,0.4556,xgboost
2026-09-30 16:00:00,EURGBP,1h,0.8548300266265869,HOLD,HOLD,0.4552,0.2659,0.4053,0.1395,0.4552,xgboost
2026-09-30 17:00:00,EURGBP,1h,0.8544399738311768,HOLD,HOLD,0.5858,0.1455,0.2799,0.1344,0.5858,xgboost
2026-09-30 18:00:00,EURGBP,1h,0.8543699979782104,HOLD,HOLD,0.803,0.0687,0.1329,0.0642,0.803,xgboost
2026-09-30 19:00:00,EURGBP,1h,0.8541200160980225,HOLD,HOLD,0.7947,0.0728,0.1391,0.0662,0.7947,xgboost
2026-09-30 20:00:00,EURGBP,1h,0.8539699912071228,HOLD,HOLD,0.6651,0.0489,0.1919,0.143,0.6651,xgboost
2026-09-30 21:00:00,EURGBP,1h,0.8539100289344788,HOLD,HOLD,0.7263,0.085,0.1794,0.0943,0.7263,xgboost
2026-09-30 22:00:00,EURGBP,1h,0.8542100191116333,HOLD,HOLD,0.5618,0.1676,0.3029,0.1353,0.5618,xgboost
2026-09-30 23:00:00,EURGBP,1h,0.8539199829101562,HOLD,HOLD,0.4571,0.209,0.376,0.167,0.4571,xgboost
2026-10-01 00:00:00,EURGBP,1h,0.8541100025177002,HOLD,BUY,0.4106,0.1911,0.4106,0.2196,0.3698,xgboost
2026-10-01 01:00:00,EURGBP,1h,0.8542100191116333,BUY,BUY,0.6314,0.4197,0.6314,0.2117,0.1569,xgboost
2026-10-01 02:00:00,EURGBP,1h,0.8543499708175659,BUY,BUY,0.6736,0.464,0.6736,0.2096,0.1168,xgboost
2026-10-01 03:00:00,EURGBP,1h,0.8544600009918213,BUY,BUY,0.7251,0.5602,0.7251,0.1648,0.1101,xgboost
2026-10-01 04:00:00,EURGBP,1h,0.854170024394989,BUY,BUY,0.7493,0.5935,0.7493,0.1558,0.095,xgboost
2026-10-01 05:00:00,EURGBP,1h,0.854449987411499,BUY,BUY,0.7446,0.5818,0.7446,0.1628,0.0925,xgboost
2026-10-01 06:00:00,EURGBP,1h,0.8542299866676331,BUY,BUY,0.7847,0.6436,0.7847,0.141,0.0743,xgboost
2026-09-28 15:00:00,EURJPY,1h,178.95199584960938,HOLD,HOLD,0.6636,0.1569,0.0897,0.2467,0.6636,xgboost
2026-09-28 16:00:00,EURJPY,1h,178.88499450683594,HOLD,HOLD,0.6463,0.1753,0.0892,0.2645,0.6463,xgboost
2026-09-28 17:00:00,EURJPY,1h,178.9080047607422,HOLD,HOLD,0.6238,0.1923,0.092,0.2842,0.6238,xgboost
2026-09-28 18:00:00,EURJPY,1h,178.9290008544922,HOLD,HOLD,0.6055,0.1618,0.1163,0.2782,0.6055,xgboost
2026-09-28 19:00:00,EURJPY,1h,178.93699645996094,HOLD,HOLD,0.5696,0.1542,0.1381,0.2923,0.5696,xgboost
2026-09-28 20:00:00,EURJPY,1h,178.8979949951172,HOLD,SELL,0.4795,0.2917,0.1879,0.4795,0.3326,xgboost
2026-09-28 21:00:00,EURJPY,1h,178.97000122070312,HOLD,SELL,0.4916,0.3304,0.1612,0.4916,0.3472,xgboost
2026-09-28 22:00:00,EURJPY,1h,179.01199340820312,HOLD,SELL,0.4471,0.2217,0.2254,0.4471,0.3275,xgboost
2026-09-28 23:00:00,EURJPY,1h,178.9250030517578,HOLD,SELL,0.5362,0.3053,0.2309,0.5362,0.2329,xgboost
2026-09-29 00:00:00,EURJPY,1h,178.83900451660156,HOLD,BUY,0.5307,0.3162,0.5307,0.2146,0.2547,xgboost
2026-09-29 01:00:00,EURJPY,1h,179.0019989013672,HOLD,SELL,0.4018,0.1163,0.2855,0.4018,0.3127,xgboost
2026-09-29 02:00:00,EURJPY,1h,178.87899780273438,BUY,BUY,0.6108,0.3985,0.6108,0.2123,0.1769,xgboost
2026-09-29 03:00:00,EURJPY,1h,178.83099365234375,HOLD,BUY,0.5265,0.3601,0.5265,0.1664,0.3071,xgboost
2026-09-29 04:00:00,EURJPY,1h,178.95599365234375,HOLD,BUY,0.52,0.3731,0.52,0.1469,0.3331,xgboost
2026-09-29 05:00:00,EURJPY,1h,178.69400024414062,HOLD,BUY,0.5316,0.3761,0.5316,0.1555,0.3129,xgboost
2026-09-29 06:00:00,EURJPY,1h,178.89100646972656,HOLD,HOLD,0.4357,0.268,0.4161,0.1482,0.4357,xgboost
2026-09-29 07:00:00,EURJPY,1h,178.6179962158203,HOLD,BUY,0.426,0.1597,0.426,0.2663,0.3077,xgboost
2026-09-29 08:00:00,EURJPY,1h,178.55599975585938,HOLD,HOLD,0.37,0.0087,0.3194,0.3107,0.37,xgboost
2026-09-29 09:00:00,EURJPY,1h,178.72999572753906,HOLD,HOLD,0.4822,0.2905,0.4041,0.1136,0.4822,xgboost
2026-09-29 10:00:00,EURJPY,1h,178.40499877929688,HOLD,BUY,0.4102,0.0837,0.4102,0.3265,0.2633,xgboost
2026-09-29 11:00:00,EURJPY,1h,178.406005859375,HOLD,HOLD,0.3844,0.0126,0.3015,0.3141,0.3844,xgboost
2026-09-29 12:00:00,EURJPY,1h,178.49000549316406,HOLD,HOLD,0.4595,0.1102,0.3253,0.2151,0.4595,xgboost
2026-09-29 13:00:00,EURJPY,1h,178.56399536132812,HOLD,HOLD,0.6195,0.1558,0.2681,0.1124,0.6195,xgboost
2026-09-29 14:00:00,EURJPY,1h,178.68699645996094,HOLD,HOLD,0.7731,0.0922,0.1596,0.0673,0.7731,xgboost
2026-09-29 15:00:00,EURJPY,1h,178.53199768066406,HOLD,HOLD,0.6088,0.2069,0.2991,0.0922,0.6088,xgboost
2026-09-29 16:00:00,EURJPY,1h,178.15499877929688,HOLD,HOLD,0.3736,0.0092,0.3086,0.3178,0.3736,xgboost
2026-09-29 17:00:00,EURJPY,1h,178.20799255371094,HOLD,HOLD,0.3853,0.0824,0.2662,0.3485,0.3853,xgboost
2026-09-29 18:00:00,EURJPY,1h,178.29400634765625,HOLD,HOLD,0.5051,0.0161,0.2555,0.2394,0.5051,xgboost
2026-09-29 19:00:00,EURJPY,1h,178.38800048828125,HOLD,HOLD,0.6078,0.1586,0.2754,0.1168,0.6078,xgboost
2026-09-29 20:00:00,EURJPY,1h,178.37399291992188,HOLD,HOLD,0.5112,0.2208,0.3548,0.134,0.5112,xgboost
2026-09-29 21:00:00,EURJPY,1h,178.36099243164062,HOLD,HOLD,0.4776,0.2838,0.4031,0.1193,0.4776,xgboost
2026-09-29 22:00:00,EURJPY,1h,178.42100524902344,HOLD,HOLD,0.6207,0.1978,0.2886,0.0908,0.6207,xgboost
2026-09-29 23:00:00,EURJPY,1h,178.52999877929688,HOLD,HOLD,0.5873,0.2105,0.3116,0.1011,0.5873,xgboost
2026-09-30 00:00:00,EURJPY,1h,178.15499877929688,HOLD,BUY,0.4477,0.133,0.4477,0.3147,0.2376,xgboost
2026-09-30 01:00:00,EURJPY,1h,177.67300415039062,SELL,SELL,0.7053,0.5176,0.1877,0.7053,0.1071,xgboost
2026-09-30 02:00:00,EURJPY,1h,177.6510009765625,HOLD,HOLD,0.413,0.1635,0.2118,0.3752,0.413,xgboost
2026-09-30 03:00:00,EURJPY,1h,177.76199340820312,HOLD,HOLD,0.4247,0.2238,0.1757,0.3996,0.4247,xgboost
2026-09-30 04:00:00,EURJPY,1h,178.07000732421875,HOLD,SELL,0.4012,0.1227,0.2785,0.4012,0.3203,xgboost
2026-09-30 05:00:00,EURJPY,1h,177.99200439453125,HOLD,SELL,0.3993,0.1468,0.2524,0.3993,0.3483,xgboost
2026-09-30 06:00:00,EURJPY,1h,178.01100158691406,HOLD,HOLD,0.5244,0.0662,0.2709,0.2047,0.5244,xgboost
2026-09-30 07:00:00,EURJPY,1h,178.00100708007812,HOLD,HOLD,0.505,0.1664,0.3307,0.1643,0.505,xgboost
2026-09-30 08:00:00,EURJPY,1h,178.281005859375,HOLD,HOLD,0.4829,0.0618,0.2277,0.2894,0.4829,xgboost
2026-09-30 09:00:00,EURJPY,1h,178.38900756835938,HOLD,HOLD,0.4631,0.1006,0.2182,0.3188,0.4631,xgboost
2026-09-30 10:00:00,EURJPY,1h,178.38600158691406,HOLD,HOLD,0.4426,0.1031,0.2272,0.3303,0.4426,xgboost
2026-09-30 11:00:00,EURJPY,1h,178.2169952392578,HOLD,BUY,0.3529,0.0452,0.3529,0.3077,0.3394,xgboost
2026-09-30 12:00:00,EURJPY,1h,178.24000549316406,HOLD,HOLD,0.4483,0.2501,0.4009,0.1508,0.4483,xgboost
2026-09-30 13:00:00,EURJPY,1h,178.052001953125,HOLD,HOLD,0.4572,0.1847,0.3637,0.179,0.4572,xgboost
2026-09-30 14:00:00,EURJPY,1h,178.46800231933594,HOLD,SELL,0.3745,0.086,0.2885,0.3745,0.337,xgboost
2026-09-30 15:00:00,EURJPY,1h,178.39500427246094,HOLD,SELL,0.4523,0.1697,0.2826,0.4523,0.2651,xgboost
2026-09-30 16:00:00,EURJPY,1h,178.32899475097656,HOLD,SELL,0.3846,0.0734,0.3112,0.3846,0.3042,xgboost
2026-09-30 17:00:00,EURJPY,1h,178.3090057373047,HOLD,SELL,0.419,0.0979,0.3211,0.419,0.2599,xgboost
2026-09-30 18:00:00,EURJPY,1h,178.2740020751953,HOLD,SELL,0.4286,0.101,0.3277,0.4286,0.2437,xgboost
2026-09-30 19:00:00,EURJPY,1h,178.26100158691406,HOLD,BUY,0.405,0.0736,0.405,0.3314,0.2636,xgboost
2026-09-30 20:00:00,EURJPY,1h,178.32400512695312,HOLD,HOLD,0.4535,0.2749,0.4107,0.1358,0.4535,xgboost
2026-09-30 21:00:00,EURJPY,1h,178.23800659179688,BUY,BUY,0.6557,0.5669,0.6557,0.0888,0.2554,xgboost
2026-09-30 22:00:00,EURJPY,1h,178.37100219726562,HOLD,BUY,0.5468,0.4519,0.5468,0.0948,0.3584,xgboost
2026-09-30 23:00:00,EURJPY,1h,178.46600341796875,HOLD,BUY,0.5653,0.4357,0.5653,0.1296,0.305,xgboost
2026-10-01 00:00:00,EURJPY,1h,178.95899963378906,HOLD,HOLD,0.5535,0.0287,0.2376,0.2089,0.5535,xgboost
2026-10-01 01:00:00,EURJPY,1h,179.14100646972656,HOLD,HOLD,0.5506,0.1323,0.1585,0.2908,0.5506,xgboost
2026-10-01 02:00:00,EURJPY,1h,179.06399536132812,HOLD,SELL,0.4994,0.3699,0.1295,0.4994,0.3711,xgboost
2026-10-01 03:00:00,EURJPY,1h,179.12100219726562,HOLD,SELL,0.4082,0.2167,0.1914,0.4082,0.4004,xgboost
2026-10-01 04:00:00,EURJPY,1h,179.14599609375,HOLD,SELL,0.4436,0.278,0.1656,0.4436,0.3908,xgboost
2026-10-01 05:00:00,EURJPY,1h,179.25,HOLD,HOLD,0.4931,0.2664,0.1203,0.3866,0.4931,xgboost
2026-10-01 06:00:00,EURJPY,1h,179.14700317382812,HOLD,SELL,0.4826,0.3628,0.1197,0.4826,0.3977,xgboost
2026-09-28 16:00:00,EURUSD,1h,1.1375269889831543,HOLD,HOLD,0.4702,0.0636,0.2331,0.2967,0.4702,xgboost
2026-09-28 17:00:00,EURUSD,1h,1.138044834136963,HOLD,HOLD,0.5183,0.0787,0.2015,0.2802,0.5183,xgboost
2026-09-28 18:00:00,EURUSD,1h,1.1371389627456665,HOLD,HOLD,0.5825,0.0203,0.1986,0.2189,0.5825,xgboost
2026-09-28 19:00:00,EURUSD,1h,1.1370097398757937,HOLD,HOLD,0.5977,0.0101,0.1961,0.2062,0.5977,xgboost
2026-09-28 20:00:00,EURUSD,1h,1.137268304824829,HOLD,HOLD,0.59,0.0017,0.2041,0.2058,0.59,xgboost
2026-09-28 21:00:00,EURUSD,1h,1.1373976469039917,HOLD,HOLD,0.4943,0.0913,0.2072,0.2985,0.4943,xgboost
2026-09-28 22:00:00,EURUSD,1h,1.1373976469039917,HOLD,HOLD,0.4348,0.141,0.2121,0.3531,0.4348,xgboost
2026-09-28 23:00:00,EURUSD,1h,1.1373976469039917,HOLD,SELL,0.371,0.1107,0.2603,0.371,0.3688,xgboost
2026-09-29 00:00:00,EURUSD,1h,1.1370097398757937,HOLD,SELL,0.3821,0.1389,0.2432,0.3821,0.3747,xgboost
2026-09-29 01:00:00,EURUSD,1h,1.1370097398757937,HOLD,SELL,0.43,0.1482,0.2818,0.43,0.2882,xgboost
2026-09-29 02:00:00,EURUSD,1h,1.1371389627456665,HOLD,SELL,0.4499,0.1524,0.2975,0.4499,0.2526,xgboost
2026-09-29 03:00:00,EURUSD,1h,1.1363636255264282,HOLD,SELL,0.4245,0.0993,0.3251,0.4245,0.2504,xgboost
2026-09-29 04:00:00,EURUSD,1h,1.1363636255264282,HOLD,SELL,0.4501,0.0898,0.3603,0.4501,0.1896,xgboost
2026-09-29 05:00:00,EURUSD,1h,1.1359764337539673,HOLD,SELL,0.4905,0.076,0.4145,0.4905,0.095,xgboost
2026-09-29 06:00:00,EURUSD,1h,1.1363636255264282,HOLD,SELL,0.5186,0.1363,0.3823,0.5186,0.0991,xgboost
2026-09-29 07:00:00,EURUSD,1h,1.1353315114974976,HOLD,SELL,0.4932,0.0543,0.4389,0.4932,0.0679,xgboost
2026-09-29 08:00:00,EURUSD,1h,1.1350737810134888,HOLD,BUY,0.46,0.0122,0.46,0.4479,0.0921,xgboost
2026-09-29 09:00:00,EURUSD,1h,1.1337867975234983,HOLD,BUY,0.4773,0.0727,0.4773,0.4046,0.1182,xgboost
2026-09-29 10:00:00,EURUSD,1h,1.1353315114974976,HOLD,SELL,0.4359,0.0293,0.4066,0.4359,0.1574,xgboost
2026-09-29 11:00:00,EURUSD,1h,1.1354604959487915,HOLD,SELL,0.4303,0.0336,0.3967,0.4303,0.173,xgboost
2026-09-29 12:00:00,EURUSD,1h,1.134687423706055,HOLD,SELL,0.4116,0.0148,0.3968,0.4116,0.1915,xgboost
2026-09-29 13:00:00,EURUSD,1h,1.1343011856079102,HOLD,HOLD,0.4275,0.019,0.2958,0.2767,0.4275,xgboost
2026-09-29 14:00:00,EURUSD,1h,1.1343011856079102,HOLD,HOLD,0.518,0.006,0.238,0.244,0.518,xgboost
2026-09-29 15:00:00,EURUSD,1h,1.1339154243469238,HOLD,HOLD,0.5865,0.0083,0.2026,0.2109,0.5865,xgboost
2026-09-29 16:00:00,EURUSD,1h,1.131861925125122,HOLD,HOLD,0.5393,0.0965,0.2786,0.1821,0.5393,xgboost
2026-09-29 17:00:00,EURUSD,1h,1.131861925125122,HOLD,HOLD,0.6541,0.0982,0.2221,0.1239,0.6541,xgboost
2026-09-29 18:00:00,EURUSD,1h,1.134429931640625,HOLD,HOLD,0.6905,0.1003,0.1046,0.2049,0.6905,xgboost
2026-09-29 19:00:00,EURUSD,1h,1.1341726779937744,HOLD,HOLD,0.7189,0.0773,0.1019,0.1792,0.7189,xgboost
2026-09-29 20:00:00,EURUSD,1h,1.134429931640625,HOLD,HOLD,0.6962,0.1036,0.1001,0.2037,0.6962,xgboost
2026-09-29 21:00:00,EURUSD,1h,1.1345586776733398,HOLD,HOLD,0.6837,0.1117,0.1023,0.214,0.6837,xgboost
2026-09-29 22:00:00,EURUSD,1h,1.1341726779937744,HOLD,HOLD,0.6471,0.1246,0.1141,0.2388,0.6471,xgboost
2026-09-29 23:00:00,EURUSD,1h,1.134429931640625,HOLD,HOLD,0.6113,0.1304,0.1291,0.2596,0.6113,xgboost
2026-09-30 00:00:00,EURUSD,1h,1.1343011856079102,HOLD,HOLD,0.541,0.1678,0.1456,0.3134,0.541,xgboost
2026-09-30 01:00:00,EURUSD,1h,1.1339154243469238,HOLD,HOLD,0.4355,0.1743,0.1951,0.3694,0.4355,xgboost
2026-09-30 02:00:00,EURUSD,1h,1.1343011856079102,HOLD,SELL,0.4226,0.2367,0.1858,0.4226,0.3916,xgboost
2026-09-30 03:00:00,EURUSD,1h,1.133529782295227,HOLD,HOLD,0.4134,0.1957,0.1954,0.3911,0.4134,xgboost
2026-09-30 04:00:00,EURUSD,1h,1.133529782295227,HOLD,SELL,0.4033,0.1364,0.2669,0.4033,0.3298,xgboost
2026-09-30 05:00:00,EURUSD,1h,1.1348161697387695,HOLD,SELL,0.5979,0.3441,0.2538,0.5979,0.1484,xgboost
2026-09-30 06:00:00,EURUSD,1h,1.1353315114974976,SELL,SELL,0.6145,0.3829,0.2317,0.6145,0.1538,xgboost
2026-09-30 07:00:00,EURUSD,1h,1.1349449157714844,SELL,SELL,0.6446,0.4245,0.22,0.6446,0.1354,xgboost
2026-09-30 08:00:00,EURUSD,1h,1.1362345218658447,HOLD,SELL,0.5474,0.2473,0.3001,0.5474,0.1526,xgboost
2026-09-30 09:00:00,EURUSD,1h,1.1361054182052612,HOLD,SELL,0.5352,0.2392,0.2959,0.5352,0.1689,xgboost
2026-09-30 10:00:00,EURUSD,1h,1.1363636255264282,HOLD,SELL,0.4622,0.0911,0.3711,0.4622,0.1666,xgboost
2026-09-30 11:00:00,EURUSD,1h,1.1353315114974976,HOLD,SELL,0.5708,0.3134,0.2574,0.5708,0.1717,xgboost
2026-09-30 12:00:00,EURUSD,1h,1.1366219520568848,HOLD,BUY,0.4814,0.0967,0.4814,0.3848,0.1338,xgboost
2026-09-30 13:00:00,EURUSD,1h,1.1359764337539673,HOLD,SELL,0.4257,0.2158,0.2099,0.4257,0.3644,xgboost
2026-09-30 14:00:00,EURUSD,1h,1.1361054182052612,HOLD,SELL,0.3829,0.1153,0.2676,0.3829,0.3495,xgboost
2026-09-30 15:00:00,EURUSD,1h,1.134687423706055,HOLD,HOLD,0.4963,0.0906,0.2066,0.2972,0.4963,xgboost
2026-09-30 16:00:00,EURUSD,1h,1.1341726779937744,HOLD,HOLD,0.6737,0.0488,0.1388,0.1876,0.6737,xgboost
2026-09-30 17:00:00,EURUSD,1h,1.1339154243469238,HOLD,HOLD,0.6674,0.019,0.1568,0.1758,0.6674,xgboost
2026-09-30 18:00:00,EURUSD,1h,1.133529782295227,HOLD,HOLD,0.7187,0.0051,0.1432,0.1381,0.7187,xgboost
2026-09-30 19:00:00,EURUSD,1h,1.13264,HOLD,HOLD,0.6951,0.0025,0.1537,0.1512,0.6951,xgboost
2026-09-30 20:00:00,EURUSD,1h,1.13295,HOLD,HOLD,0.6862,0.0162,0.165,0.1488,0.6862,xgboost
2026-09-30 21:00:00,EURUSD,1h,1.133125,HOLD,HOLD,0.7025,0.0043,0.1509,0.1466,0.7025,xgboost
2026-09-30 22:00:00,EURUSD,1h,1.133025,HOLD,HOLD,0.656,0.0044,0.1742,0.1698,0.656,xgboost
2026-09-30 23:00:00,EURUSD,1h,1.1330161094665527,HOLD,HOLD,0.5641,0.0267,0.2313,0.2046,0.5641,xgboost
2026-10-01 00:00:00,EURUSD,1h,1.1336582899093628,HOLD,HOLD,0.475,0.0489,0.2381,0.287,0.475,xgboost
2026-10-01 01:00:00,EURUSD,1h,1.133144497871399,HOLD,HOLD,0.3657,0.0199,0.3072,0.3271,0.3657,xgboost
2026-10-01 02:00:00,EURUSD,1h,1.1328877210617063,HOLD,HOLD,0.3811,0.0967,0.3578,0.2611,0.3811,xgboost
2026-10-01 03:00:00,EURUSD,1h,1.1332728862762451,HOLD,HOLD,0.3429,0.0113,0.3342,0.3229,0.3429,xgboost
2026-10-01 04:00:00,EURUSD,1h,1.1322463750839231,HOLD,BUY,0.3971,0.0343,0.3971,0.3628,0.2401,xgboost
2026-10-01 05:00:00,EURUSD,1h,1.1321182250976562,HOLD,BUY,0.4648,0.0947,0.4648,0.3701,0.1651,xgboost
2026-10-01 06:00:00,EURUSD,1h,1.1321182250976562,HOLD,BUY,0.4346,0.0038,0.4346,0.4308,0.1346,xgboost
2026-10-01 07:00:00,EURUSD,1h,1.1309658288955688,HOLD,BUY,0.4529,0.0214,0.4529,0.4315,0.1156,xgboost
2026-09-28 15:00:00,GBPJPY,1h,208.6959991455078,HOLD,HOLD,0.5746,0.1838,0.1208,0.3046,0.5746,xgboost
2026-09-28 16:00:00,GBPJPY,1h,208.6569976806641,HOLD,HOLD,0.4831,0.1212,0.1978,0.3191,0.4831,xgboost
2026-09-28 17:00:00,GBPJPY,1h,208.63299560546875,HOLD,HOLD,0.4996,0.0586,0.2209,0.2795,0.4996,xgboost
2026-09-28 18:00:00,GBPJPY,1h,208.7010040283203,HOLD,HOLD,0.4854,0.0914,0.2116,0.303,0.4854,xgboost
2026-09-28 19:00:00,GBPJPY,1h,208.59800720214844,HOLD,HOLD,0.5901,0.057,0.2334,0.1764,0.5901,xgboost
2026-09-28 20:00:00,GBPJPY,1h,208.55499267578125,HOLD,HOLD,0.5751,0.0634,0.2441,0.1807,0.5751,xgboost
2026-09-28 21:00:00,GBPJPY,1h,208.68299865722656,HOLD,HOLD,0.5379,0.0439,0.2091,0.253,0.5379,xgboost
2026-09-28 22:00:00,GBPJPY,1h,208.6490020751953,HOLD,HOLD,0.4948,0.0564,0.2244,0.2808,0.4948,xgboost
2026-09-28 23:00:00,GBPJPY,1h,208.5570068359375,HOLD,BUY,0.4716,0.3062,0.4716,0.1654,0.363,xgboost
2026-09-29 00:00:00,GBPJPY,1h,208.4369964599609,BUY,BUY,0.7014,0.6097,0.7014,0.0917,0.2069,xgboost
2026-09-29 01:00:00,GBPJPY,1h,208.63699340820312,HOLD,BUY,0.5332,0.3429,0.5332,0.1903,0.2765,xgboost
2026-09-29 02:00:00,GBPJPY,1h,208.5059967041016,BUY,BUY,0.6737,0.5928,0.6737,0.0809,0.2453,xgboost
2026-09-29 03:00:00,GBPJPY,1h,208.4069976806641,BUY,BUY,0.6034,0.4845,0.6034,0.1189,0.2778,xgboost
2026-09-29 04:00:00,GBPJPY,1h,208.5039978027344,BUY,BUY,0.6317,0.5197,0.6317,0.1121,0.2562,xgboost
2026-09-29 05:00:00,GBPJPY,1h,208.218994140625,HOLD,BUY,0.5645,0.4069,0.5645,0.1576,0.2778,xgboost
2026-09-29 06:00:00,GBPJPY,1h,208.4900054931641,HOLD,BUY,0.5963,0.4854,0.5963,0.1109,0.2928,xgboost
2026-09-29 07:00:00,GBPJPY,1h,208.2700042724609,HOLD,BUY,0.4476,0.2562,0.4476,0.1914,0.361,xgboost
2026-09-29 08:00:00,GBPJPY,1h,208.2910003662109,HOLD,HOLD,0.4264,0.1639,0.3687,0.2048,0.4264,xgboost
2026-09-29 09:00:00,GBPJPY,1h,208.5180053710937,HOLD,HOLD,0.4157,0.0505,0.2669,0.3174,0.4157,xgboost
2026-09-29 10:00:00,GBPJPY,1h,208.1179962158203,HOLD,HOLD,0.3493,0.0213,0.336,0.3147,0.3493,xgboost
2026-09-29 11:00:00,GBPJPY,1h,208.16700744628903,HOLD,HOLD,0.4191,0.1757,0.3783,0.2026,0.4191,xgboost
2026-09-29 12:00:00,GBPJPY,1h,208.0659942626953,HOLD,HOLD,0.3869,0.0437,0.3284,0.2847,0.3869,xgboost
2026-09-29 13:00:00,GBPJPY,1h,208.2519989013672,HOLD,HOLD,0.4003,0.034,0.2828,0.3168,0.4003,xgboost
2026-09-29 14:00:00,GBPJPY,1h,208.22300720214844,HOLD,HOLD,0.4388,0.0173,0.2719,0.2892,0.4388,xgboost
2026-09-29 15:00:00,GBPJPY,1h,208.0599975585937,HOLD,HOLD,0.504,0.1888,0.1536,0.3424,0.504,xgboost
2026-09-29 16:00:00,GBPJPY,1h,207.9320068359375,HOLD,HOLD,0.5043,0.1815,0.1571,0.3386,0.5043,xgboost
2026-09-29 17:00:00,GBPJPY,1h,207.96299743652344,HOLD,HOLD,0.5339,0.174,0.1461,0.3201,0.5339,xgboost
2026-09-29 18:00:00,GBPJPY,1h,207.9669952392578,HOLD,HOLD,0.526,0.181,0.1465,0.3275,0.526,xgboost
2026-09-29 19:00:00,GBPJPY,1h,208.1219940185547,HOLD,HOLD,0.5454,0.1104,0.2825,0.1721,0.5454,xgboost
2026-09-29 20:00:00,GBPJPY,1h,208.09500122070312,HOLD,HOLD,0.557,0.0234,0.2332,0.2098,0.557,xgboost
2026-09-29 21:00:00,GBPJPY,1h,207.96099853515625,HOLD,HOLD,0.4799,0.0301,0.2751,0.245,0.4799,xgboost
2026-09-29 22:00:00,GBPJPY,1h,208.13699340820312,HOLD,HOLD,0.498,0.2835,0.3927,0.1093,0.498,xgboost
2026-09-29 23:00:00,GBPJPY,1h,208.2669982910156,HOLD,BUY,0.5,0.2968,0.5,0.2032,0.2968,xgboost
2026-09-30 00:00:00,GBPJPY,1h,207.8459930419922,HOLD,SELL,0.4586,0.1319,0.3267,0.4586,0.2147,xgboost
2026-09-30 01:00:00,GBPJPY,1h,207.34500122070312,HOLD,SELL,0.4997,0.1351,0.3646,0.4997,0.1357,xgboost
2026-09-30 02:00:00,GBPJPY,1h,207.3249969482422,HOLD,BUY,0.5935,0.369,0.5935,0.2245,0.182,xgboost
2026-09-30 03:00:00,GBPJPY,1h,207.47900390625,HOLD,BUY,0.581,0.3512,0.581,0.2298,0.1892,xgboost
2026-09-30 04:00:00,GBPJPY,1h,207.843994140625,HOLD,SELL,0.4716,0.2526,0.219,0.4716,0.3094,xgboost
2026-09-30 05:00:00,GBPJPY,1h,207.80799865722656,HOLD,SELL,0.4458,0.1776,0.2682,0.4458,0.286,xgboost
2026-09-30 06:00:00,GBPJPY,1h,207.8820037841797,HOLD,BUY,0.3883,0.0603,0.3883,0.328,0.2837,xgboost
2026-09-30 07:00:00,GBPJPY,1h,208.1009979248047,HOLD,SELL,0.4976,0.2769,0.2207,0.4976,0.2817,xgboost
2026-09-30 08:00:00,GBPJPY,1h,208.3650054931641,HOLD,SELL,0.4292,0.2247,0.2045,0.4292,0.3662,xgboost
2026-09-30 09:00:00,GBPJPY,1h,208.57899475097656,HOLD,SELL,0.4712,0.2692,0.202,0.4712,0.3269,xgboost
2026-09-30 10:00:00,GBPJPY,1h,208.7519989013672,HOLD,SELL,0.5861,0.4119,0.1742,0.5861,0.2397,xgboost
2026-09-30 11:00:00,GBPJPY,1h,208.63699340820312,HOLD,SELL,0.4522,0.243,0.2092,0.4522,0.3386,xgboost
2026-09-30 12:00:00,GBPJPY,1h,208.4349975585937,HOLD,SELL,0.5087,0.3754,0.1333,0.5087,0.3579,xgboost
2026-09-30 13:00:00,GBPJPY,1h,208.2539978027344,HOLD,SELL,0.43,0.2829,0.1472,0.43,0.4228,xgboost
2026-09-30 14:00:00,GBPJPY,1h,208.73800659179688,HOLD,SELL,0.4409,0.1921,0.2488,0.4409,0.3103,xgboost
2026-09-30 15:00:00,GBPJPY,1h,208.613998413086,HOLD,HOLD,0.4362,0.3023,0.1307,0.4331,0.4362,xgboost
2026-09-30 16:00:00,GBPJPY,1h,208.6009979248047,HOLD,SELL,0.4635,0.3316,0.1318,0.4635,0.4047,xgboost
2026-09-30 17:00:00,GBPJPY,1h,208.67300415039065,HOLD,SELL,0.462,0.368,0.094,0.462,0.444,xgboost
2026-09-30 18:00:00,GBPJPY,1h,208.6580047607422,HOLD,SELL,0.4702,0.384,0.0861,0.4702,0.4437,xgboost
2026-09-30 19:00:00,GBPJPY,1h,208.697006225586,HOLD,HOLD,0.4727,0.3099,0.1087,0.4186,0.4727,xgboost
2026-09-30 20:00:00,GBPJPY,1h,208.76600646972656,HOLD,HOLD,0.5728,0.2061,0.1106,0.3167,0.5728,xgboost
2026-09-30 21:00:00,GBPJPY,1h,208.62399291992188,HOLD,HOLD,0.4304,0.2259,0.1719,0.3977,0.4304,xgboost
2026-09-30 22:00:00,GBPJPY,1h,208.8000030517578,HOLD,HOLD,0.6148,0.1784,0.1034,0.2818,0.6148,xgboost
2026-09-30 23:00:00,GBPJPY,1h,208.988998413086,HOLD,SELL,0.4428,0.2955,0.1473,0.4428,0.4099,xgboost
2026-10-01 00:00:00,GBPJPY,1h,209.5189971923828,HOLD,HOLD,0.4241,0.0928,0.2416,0.3344,0.4241,xgboost
2026-10-01 01:00:00,GBPJPY,1h,209.7079925537109,HOLD,HOLD,0.486,0.0736,0.2202,0.2938,0.486,xgboost
2026-10-01 02:00:00,GBPJPY,1h,209.57400512695312,HOLD,HOLD,0.4227,0.1973,0.19,0.3873,0.4227,xgboost
2026-10-01 03:00:00,GBPJPY,1h,209.6199951171875,HOLD,HOLD,0.407,0.1988,0.1971,0.3959,0.407,xgboost
2026-10-01 04:00:00,GBPJPY,1h,209.71600341796875,HOLD,HOLD,0.4317,0.0874,0.2404,0.3278,0.4317,xgboost
2026-10-01 05:00:00,GBPJPY,1h,209.7769927978516,HOLD,SELL,0.3889,0.0472,0.3416,0.3889,0.2695,xgboost
2026-10-01 06:00:00,GBPJPY,1h,209.74099731445312,HOLD,HOLD,0.4255,0.2107,0.1819,0.3926,0.4255,xgboost
2026-09-28 16:00:00,GBPUSD,1h,1.3265414237976074,HOLD,HOLD,0.854,0.0711,0.0374,0.1086,0.854,xgboost
2026-09-28 17:00:00,GBPUSD,1h,1.3267173767089844,HOLD,HOLD,0.8304,0.0572,0.0562,0.1134,0.8304,xgboost
2026-09-28 18:00:00,GBPUSD,1h,1.326084017753601,HOLD,HOLD,0.899,0.0275,0.0367,0.0642,0.899,xgboost
2026-09-28 19:00:00,GBPUSD,1h,1.3251702785491943,HOLD,HOLD,0.9037,0.0048,0.0506,0.0458,0.9037,xgboost
2026-09-28 20:00:00,GBPUSD,1h,1.3256973028182983,HOLD,HOLD,0.8654,0.019,0.0578,0.0768,0.8654,xgboost
2026-09-28 21:00:00,GBPUSD,1h,1.3256797790527344,HOLD,HOLD,0.7418,0.0502,0.104,0.1542,0.7418,xgboost
2026-09-28 22:00:00,GBPUSD,1h,1.325398564338684,HOLD,HOLD,0.5568,0.1131,0.165,0.2781,0.5568,xgboost
2026-09-28 23:00:00,GBPUSD,1h,1.3254162073135376,HOLD,SELL,0.4955,0.3261,0.1695,0.4955,0.335,xgboost
2026-09-29 00:00:00,GBPUSD,1h,1.324748992919922,HOLD,SELL,0.4613,0.237,0.2243,0.4613,0.3144,xgboost
2026-09-29 01:00:00,GBPUSD,1h,1.3248894214630127,HOLD,SELL,0.4104,0.097,0.3133,0.4104,0.2763,xgboost
2026-09-29 02:00:00,GBPUSD,1h,1.325065016746521,HOLD,SELL,0.3856,0.0174,0.3682,0.3856,0.2462,xgboost
2026-09-29 03:00:00,GBPUSD,1h,1.324047327041626,HOLD,SELL,0.4989,0.192,0.3069,0.4989,0.1941,xgboost
2026-09-29 04:00:00,GBPUSD,1h,1.3236267566680908,HOLD,SELL,0.5484,0.2344,0.314,0.5484,0.1377,xgboost
2026-09-29 05:00:00,GBPUSD,1h,1.323364019393921,HOLD,SELL,0.5798,0.3042,0.2755,0.5798,0.1447,xgboost
2026-09-29 06:00:00,GBPUSD,1h,1.324012279510498,HOLD,SELL,0.5349,0.2503,0.2846,0.5349,0.1805,xgboost
2026-09-29 07:00:00,GBPUSD,1h,1.323364019393921,HOLD,SELL,0.519,0.1367,0.3822,0.519,0.0988,xgboost
2026-09-29 08:00:00,GBPUSD,1h,1.3236618041992188,HOLD,SELL,0.5619,0.2537,0.3082,0.5619,0.1299,xgboost
2026-09-29 09:00:00,GBPUSD,1h,1.3223315477371216,HOLD,BUY,0.4774,0.0444,0.4774,0.433,0.0896,xgboost
2026-09-29 10:00:00,GBPUSD,1h,1.3238370418548584,HOLD,SELL,0.4609,0.2378,0.2231,0.4609,0.316,xgboost
2026-09-29 11:00:00,GBPUSD,1h,1.324591040611267,HOLD,SELL,0.4631,0.1591,0.304,0.4631,0.2329,xgboost
2026-09-29 12:00:00,GBPUSD,1h,1.3224713802337646,HOLD,BUY,0.4496,0.0006,0.4496,0.4489,0.1015,xgboost
2026-09-29 13:00:00,GBPUSD,1h,1.3225764036178589,HOLD,BUY,0.3415,0.008,0.3415,0.3336,0.3249,xgboost
2026-09-29 14:00:00,GBPUSD,1h,1.3215975761413574,HOLD,HOLD,0.6173,0.0454,0.1687,0.214,0.6173,xgboost
2026-09-29 15:00:00,GBPUSD,1h,1.3211086988449097,HOLD,HOLD,0.8122,0.0615,0.1247,0.0632,0.8122,xgboost
2026-09-29 16:00:00,GBPUSD,1h,1.3206201791763306,HOLD,HOLD,0.944,0.0268,0.0414,0.0146,0.944,xgboost
2026-09-29 17:00:00,GBPUSD,1h,1.3206201791763306,HOLD,HOLD,0.9495,0.0207,0.0356,0.0149,0.9495,xgboost
2026-09-29 18:00:00,GBPUSD,1h,1.3229262828826904,HOLD,HOLD,0.9354,0.0309,0.0168,0.0477,0.9354,xgboost
2026-09-29 19:00:00,GBPUSD,1h,1.322908878326416,HOLD,HOLD,0.9182,0.0069,0.0375,0.0444,0.9182,xgboost
2026-09-29 20:00:00,GBPUSD,1h,1.3232064247131348,HOLD,HOLD,0.867,0.0186,0.0572,0.0758,0.867,xgboost
2026-09-29 21:00:00,GBPUSD,1h,1.3228038549423218,HOLD,HOLD,0.8327,0.0406,0.0633,0.104,0.8327,xgboost
2026-09-29 22:00:00,GBPUSD,1h,1.3227338790893557,HOLD,HOLD,0.6077,0.0341,0.1791,0.2132,0.6077,xgboost
2026-09-29 23:00:00,GBPUSD,1h,1.3230137825012207,HOLD,SELL,0.4168,0.2401,0.1767,0.4168,0.4066,xgboost
2026-09-30 00:00:00,GBPUSD,1h,1.3229438066482544,HOLD,SELL,0.4402,0.2139,0.2262,0.4402,0.3336,xgboost
2026-09-30 01:00:00,GBPUSD,1h,1.3227514028549194,HOLD,SELL,0.4431,0.1115,0.3316,0.4431,0.2253,xgboost
2026-09-30 02:00:00,GBPUSD,1h,1.3234516382217407,HOLD,SELL,0.5348,0.3126,0.2222,0.5348,0.243,xgboost
2026-09-30 03:00:00,GBPUSD,1h,1.3226639032363892,HOLD,SELL,0.4571,0.1192,0.3379,0.4571,0.205,xgboost
2026-09-30 04:00:00,GBPUSD,1h,1.3227338790893557,HOLD,SELL,0.5072,0.2056,0.3015,0.5072,0.1913,xgboost
2026-09-30 05:00:00,GBPUSD,1h,1.3246086835861206,HOLD,SELL,0.5646,0.3689,0.1957,0.5646,0.2397,xgboost
2026-09-30 06:00:00,GBPUSD,1h,1.3255215883255005,HOLD,SELL,0.518,0.3095,0.2085,0.518,0.2734,xgboost
2026-09-30 07:00:00,GBPUSD,1h,1.326559066772461,HOLD,SELL,0.5034,0.295,0.2083,0.5034,0.2883,xgboost
2026-09-30 08:00:00,GBPUSD,1h,1.3275980949401855,HOLD,SELL,0.5747,0.3733,0.2014,0.5747,0.2239,xgboost
2026-09-30 09:00:00,GBPUSD,1h,1.3280389308929443,HOLD,SELL,0.4599,0.1257,0.3342,0.4599,0.2059,xgboost
2026-09-30 10:00:00,GBPUSD,1h,1.329469084739685,HOLD,SELL,0.519,0.2483,0.2707,0.519,0.2103,xgboost
2026-09-30 11:00:00,GBPUSD,1h,1.3286035060882568,HOLD,SELL,0.3836,0.01,0.3736,0.3836,0.2427,xgboost
2026-09-30 12:00:00,GBPUSD,1h,1.3288507461547852,HOLD,BUY,0.445,0.1366,0.445,0.3084,0.2465,xgboost
2026-09-30 13:00:00,GBPUSD,1h,1.328250527381897,HOLD,HOLD,0.4845,0.1017,0.3086,0.2069,0.4845,xgboost
2026-09-30 14:00:00,GBPUSD,1h,1.3285152912139893,HOLD,HOLD,0.5652,0.028,0.2314,0.2034,0.5652,xgboost
2026-09-30 15:00:00,GBPUSD,1h,1.3265414237976074,HOLD,HOLD,0.6857,0.0912,0.2027,0.1116,0.6857,xgboost
2026-09-30 16:00:00,GBPUSD,1h,1.3264182806015017,HOLD,HOLD,0.7278,0.1231,0.1976,0.0745,0.7278,xgboost
2026-09-30 17:00:00,GBPUSD,1h,1.326629400253296,HOLD,HOLD,0.6056,0.1852,0.2898,0.1046,0.6056,xgboost
2026-09-30 18:00:00,GBPUSD,1h,1.326330304145813,HOLD,HOLD,0.7247,0.0315,0.1534,0.1219,0.7247,xgboost
2026-09-30 19:00:00,GBPUSD,1h,1.3258379697799685,HOLD,HOLD,0.8445,0.0411,0.0572,0.0983,0.8445,xgboost
2026-09-30 20:00:00,GBPUSD,1h,1.326470971107483,HOLD,HOLD,0.7585,0.0697,0.0859,0.1556,0.7585,xgboost
2026-09-30 21:00:00,GBPUSD,1h,1.326470971107483,HOLD,HOLD,0.6055,0.1621,0.1162,0.2783,0.6055,xgboost
2026-09-30 22:00:00,GBPUSD,1h,1.3263479471206665,HOLD,SELL,0.4411,0.3,0.1411,0.4411,0.4179,xgboost
2026-09-30 23:00:00,GBPUSD,1h,1.326470971107483,SELL,SELL,0.6111,0.4742,0.137,0.6111,0.2519,xgboost
2026-10-01 00:00:00,GBPUSD,1h,1.3269639015197754,HOLD,SELL,0.5733,0.4207,0.1526,0.5733,0.2741,xgboost
2026-10-01 01:00:00,GBPUSD,1h,1.3261016607284546,HOLD,SELL,0.4942,0.3697,0.1244,0.4942,0.3814,xgboost
2026-10-01 02:00:00,GBPUSD,1h,1.325574278831482,HOLD,SELL,0.577,0.375,0.202,0.577,0.221,xgboost
2026-10-01 03:00:00,GBPUSD,1h,1.3258554935455322,SELL,SELL,0.6152,0.4018,0.2134,0.6152,0.1714,xgboost
2026-10-01 04:00:00,GBPUSD,1h,1.3250824213027954,HOLD,SELL,0.5866,0.3051,0.2815,0.5866,0.1319,xgboost
2026-10-01 05:00:00,GBPUSD,1h,1.3245558738708496,HOLD,SELL,0.5715,0.2947,0.2768,0.5715,0.1517,xgboost
2026-10-01 06:00:00,GBPUSD,1h,1.326470971107483,SELL,SELL,0.6191,0.4233,0.1958,0.6191,0.1851,xgboost
2026-10-01 07:00:00,GBPUSD,1h,1.324082374572754,HOLD,BUY,0.4803,0.0741,0.4803,0.4062,0.1135,xgboost
2026-09-28 16:00:00,NZDUSD,1h,0.5675691366195679,HOLD,HOLD,0.5993,0.2521,0.0743,0.3264,0.5993,xgboost
2026-09-28 17:00:00,NZDUSD,1h,0.5677302479743958,HOLD,HOLD,0.4791,0.3189,0.101,0.4199,0.4791,xgboost
2026-09-28 18:00:00,NZDUSD,1h,0.5671184659004211,HOLD,HOLD,0.4983,0.2042,0.1487,0.353,0.4983,xgboost
2026-09-28 19:00:00,NZDUSD,1h,0.5668933987617493,HOLD,HOLD,0.4363,0.2165,0.1736,0.3901,0.4363,xgboost
2026-09-28 20:00:00,NZDUSD,1h,0.5669255256652832,HOLD,SELL,0.5025,0.3396,0.1629,0.5025,0.3345,xgboost
2026-09-28 21:00:00,NZDUSD,1h,0.5668291449546814,HOLD,HOLD,0.4208,0.1315,0.2238,0.3554,0.4208,xgboost
2026-09-28 22:00:00,NZDUSD,1h,0.5667648911476135,HOLD,SELL,0.3911,0.1577,0.2334,0.3911,0.3755,xgboost
2026-09-28 23:00:00,NZDUSD,1h,0.5664117932319641,HOLD,HOLD,0.3998,0.122,0.2391,0.3611,0.3998,xgboost
2026-09-29 00:00:00,NZDUSD,1h,0.5661231875419617,HOLD,SELL,0.4367,0.2526,0.1842,0.4367,0.3791,xgboost
2026-09-29 01:00:00,NZDUSD,1h,0.5666364431381226,HOLD,SELL,0.5333,0.3582,0.1751,0.5333,0.2916,xgboost
2026-09-29 02:00:00,NZDUSD,1h,0.5670541524887085,HOLD,SELL,0.5213,0.3559,0.1654,0.5213,0.3133,xgboost
2026-09-29 03:00:00,NZDUSD,1h,0.5664117932319641,HOLD,HOLD,0.4246,0.1856,0.1949,0.3805,0.4246,xgboost
2026-09-29 04:00:00,NZDUSD,1h,0.5656428337097168,HOLD,HOLD,0.3745,0.008,0.3088,0.3168,0.3745,xgboost
2026-09-29 05:00:00,NZDUSD,1h,0.5655468702316284,HOLD,HOLD,0.4173,0.075,0.3289,0.2539,0.4173,xgboost
2026-09-29 06:00:00,NZDUSD,1h,0.5655468702316284,HOLD,HOLD,0.4219,0.0367,0.3074,0.2707,0.4219,xgboost
2026-09-29 07:00:00,NZDUSD,1h,0.5653870105743408,HOLD,HOLD,0.4267,0.1902,0.3818,0.1915,0.4267,xgboost
2026-09-29 08:00:00,NZDUSD,1h,0.5652591586112976,HOLD,HOLD,0.3714,0.0763,0.3524,0.2761,0.3714,xgboost
2026-09-29 09:00:00,NZDUSD,1h,0.5644296407699585,BUY,BUY,0.6104,0.4638,0.6104,0.1466,0.2431,xgboost
2026-09-29 10:00:00,NZDUSD,1h,0.5657068490982056,HOLD,HOLD,0.4188,0.1323,0.3568,0.2244,0.4188,xgboost
2026-09-29 11:00:00,NZDUSD,1h,0.5656428337097168,HOLD,HOLD,0.4476,0.0569,0.3047,0.2477,0.4476,xgboost
2026-09-29 12:00:00,NZDUSD,1h,0.5650036931037903,HOLD,HOLD,0.5703,0.1267,0.2782,0.1515,0.5703,xgboost
2026-09-29 13:00:00,NZDUSD,1h,0.5648122429847717,HOLD,HOLD,0.7409,0.0751,0.1671,0.092,0.7409,xgboost
2026-09-29 14:00:00,NZDUSD,1h,0.5641112327575684,HOLD,HOLD,0.6626,0.1855,0.2615,0.0759,0.6626,xgboost
2026-09-29 15:00:00,NZDUSD,1h,0.5635072588920593,HOLD,HOLD,0.7013,0.1694,0.234,0.0647,0.7013,xgboost
2026-09-29 16:00:00,NZDUSD,1h,0.5629679560661316,HOLD,HOLD,0.7402,0.0532,0.1565,0.1033,0.7402,xgboost
2026-09-29 17:00:00,NZDUSD,1h,0.5629363059997559,HOLD,HOLD,0.7089,0.0944,0.1927,0.0983,0.7089,xgboost
2026-09-29 18:00:00,NZDUSD,1h,0.5644615292549133,HOLD,HOLD,0.736,0.0261,0.1189,0.1451,0.736,xgboost
2026-09-29 19:00:00,NZDUSD,1h,0.5641748905181885,HOLD,HOLD,0.7592,0.0016,0.1196,0.1212,0.7592,xgboost
2026-09-29 20:00:00,NZDUSD,1h,0.5642703771591187,HOLD,HOLD,0.6849,0.0699,0.1226,0.1925,0.6849,xgboost
2026-09-29 21:00:00,NZDUSD,1h,0.5645252466201782,HOLD,HOLD,0.593,0.1133,0.1468,0.2602,0.593,xgboost
2026-09-29 22:00:00,NZDUSD,1h,0.5636343359947205,HOLD,HOLD,0.7516,0.0368,0.1058,0.1426,0.7516,xgboost
2026-09-29 23:00:00,NZDUSD,1h,0.5641112327575684,HOLD,HOLD,0.5837,0.1279,0.1442,0.2721,0.5837,xgboost
2026-09-30 00:00:00,NZDUSD,1h,0.5642385482788086,HOLD,HOLD,0.4676,0.1031,0.2146,0.3178,0.4676,xgboost
2026-09-30 01:00:00,NZDUSD,1h,0.5645252466201782,HOLD,HOLD,0.3799,0.0004,0.3103,0.3099,0.3799,xgboost
2026-09-30 02:00:00,NZDUSD,1h,0.5646527409553528,HOLD,HOLD,0.387,0.0291,0.321,0.292,0.387,xgboost
2026-09-30 03:00:00,NZDUSD,1h,0.5645571351051331,HOLD,HOLD,0.3545,0.0517,0.3486,0.2969,0.3545,xgboost
2026-09-30 04:00:00,NZDUSD,1h,0.5641430616378784,HOLD,BUY,0.3536,0.0372,0.3536,0.3164,0.33,xgboost
2026-09-30 05:00:00,NZDUSD,1h,0.5650036931037903,HOLD,SELL,0.3468,0.0085,0.3382,0.3468,0.315,xgboost
2026-09-30 06:00:00,NZDUSD,1h,0.5651313662528992,HOLD,SELL,0.3801,0.0416,0.3385,0.3801,0.2813,xgboost
2026-09-30 07:00:00,NZDUSD,1h,0.565227210521698,HOLD,BUY,0.4029,0.1136,0.4029,0.2893,0.3078,xgboost
2026-09-30 08:00:00,NZDUSD,1h,0.5656428337097168,HOLD,BUY,0.4347,0.1703,0.4347,0.2644,0.301,xgboost
2026-09-30 09:00:00,NZDUSD,1h,0.5652911067008972,HOLD,BUY,0.4451,0.1877,0.4451,0.2574,0.2975,xgboost
2026-09-30 10:00:00,NZDUSD,1h,0.565227210521698,HOLD,BUY,0.4333,0.1781,0.4333,0.2553,0.3114,xgboost
2026-09-30 11:00:00,NZDUSD,1h,0.5645890235900879,HOLD,BUY,0.3783,0.1257,0.3783,0.2526,0.3691,xgboost
2026-09-30 12:00:00,NZDUSD,1h,0.565227210521698,HOLD,HOLD,0.3961,0.0792,0.3416,0.2624,0.3961,xgboost
2026-09-30 13:00:00,NZDUSD,1h,0.5647165179252625,HOLD,HOLD,0.6054,0.0611,0.2278,0.1667,0.6054,xgboost
2026-09-30 14:00:00,NZDUSD,1h,0.5647165179252625,HOLD,HOLD,0.4972,0.069,0.2169,0.2859,0.4972,xgboost
2026-09-30 15:00:00,NZDUSD,1h,0.564047634601593,HOLD,HOLD,0.4893,0.0448,0.2778,0.233,0.4893,xgboost
2026-09-30 16:00:00,NZDUSD,1h,0.5636343359947205,HOLD,HOLD,0.5843,0.0728,0.2442,0.1714,0.5843,xgboost
2026-09-30 17:00:00,NZDUSD,1h,0.5635707974433899,HOLD,HOLD,0.5443,0.0683,0.262,0.1937,0.5443,xgboost
2026-09-30 18:00:00,NZDUSD,1h,0.5636978149414062,HOLD,HOLD,0.4752,0.1165,0.2042,0.3207,0.4752,xgboost
2026-09-30 19:00:00,NZDUSD,1h,0.5633803009986877,HOLD,HOLD,0.449,0.1518,0.1996,0.3514,0.449,xgboost
2026-09-30 20:00:00,NZDUSD,1h,0.5635072588920593,HOLD,SELL,0.4422,0.236,0.2063,0.4422,0.3515,xgboost
2026-09-30 21:00:00,NZDUSD,1h,0.5637296438217163,HOLD,SELL,0.4444,0.2521,0.1924,0.4444,0.3632,xgboost
2026-09-30 22:00:00,NZDUSD,1h,0.563316822052002,HOLD,SELL,0.4869,0.2848,0.2021,0.4869,0.3111,xgboost
2026-09-30 23:00:00,NZDUSD,1h,0.5636025667190552,SELL,SELL,0.6534,0.4928,0.1606,0.6534,0.1859,xgboost
2026-10-01 00:00:00,NZDUSD,1h,0.5636661052703857,SELL,SELL,0.6333,0.4415,0.1917,0.6333,0.175,xgboost
2026-10-01 01:00:00,NZDUSD,1h,0.5625879168510437,HOLD,BUY,0.5928,0.3255,0.5928,0.2673,0.14,xgboost
2026-10-01 02:00:00,NZDUSD,1h,0.5626195669174194,HOLD,BUY,0.4112,0.0711,0.4112,0.3401,0.2486,xgboost
2026-10-01 03:00:00,NZDUSD,1h,0.5627778768539429,HOLD,SELL,0.4299,0.111,0.3189,0.4299,0.2513,xgboost
2026-10-01 04:00:00,NZDUSD,1h,0.5621767640113831,HOLD,BUY,0.3958,0.0429,0.3958,0.3529,0.2513,xgboost
2026-10-01 05:00:00,NZDUSD,1h,0.5620819926261902,HOLD,BUY,0.5344,0.2766,0.5344,0.2578,0.2078,xgboost
2026-10-01 06:00:00,NZDUSD,1h,0.5621767640113831,HOLD,HOLD,0.3678,0.0475,0.3398,0.2924,0.3678,xgboost
2026-10-01 07:00:00,NZDUSD,1h,0.5617346167564392,HOLD,BUY,0.5047,0.2886,0.5047,0.2162,0.2791,xgboost
2026-08-28 03:00:00,USDCAD,1h,1.3850599527359009,BUY,BUY,0.6372,0.3619,0.6372,0.2753,0.0875,xgboost
2026-08-28 04:00:00,USDCAD,1h,1.385259985923767,HOLD,BUY,0.4299,0.013,0.4299,0.4169,0.1532,xgboost
2026-08-28 05:00:00,USDCAD,1h,1.3851399421691897,HOLD,BUY,0.5765,0.2095,0.5765,0.367,0.0565,xgboost
2026-08-28 06:00:00,USDCAD,1h,1.3848799467086792,HOLD,BUY,0.5915,0.2556,0.5915,0.3359,0.0726,xgboost
2026-08-28 07:00:00,USDCAD,1h,1.3853199481964111,BUY,BUY,0.8028,0.6444,0.8028,0.1584,0.0387,xgboost
2026-08-28 08:00:00,USDCAD,1h,1.385550022125244,BUY,BUY,0.7033,0.4491,0.7033,0.2543,0.0424,xgboost
2026-08-28 09:00:00,USDCAD,1h,1.385800004005432,BUY,BUY,0.6048,0.2672,0.6048,0.3376,0.0576,xgboost
2026-08-28 10:00:00,USDCAD,1h,1.3844900131225586,BUY,BUY,0.7635,0.5768,0.7635,0.1866,0.0499,xgboost
2026-08-28 11:00:00,USDCAD,1h,1.3851200342178345,BUY,BUY,0.6513,0.352,0.6513,0.2993,0.0494,xgboost
2026-08-28 12:00:00,USDCAD,1h,1.3853299617767334,HOLD,BUY,0.522,0.1247,0.522,0.3973,0.0806,xgboost
2026-08-28 13:00:00,USDCAD,1h,1.3861199617385864,HOLD,BUY,0.4426,0.0428,0.4426,0.3998,0.1576,xgboost
2026-08-28 14:00:00,USDCAD,1h,1.388159990310669,HOLD,HOLD,0.5479,0.1074,0.2798,0.1723,0.5479,xgboost
2026-08-28 15:00:00,USDCAD,1h,1.3896900415420532,HOLD,HOLD,0.7124,0.0396,0.124,0.1636,0.7124,xgboost
2026-08-28 16:00:00,USDCAD,1h,1.390169978141785,HOLD,HOLD,0.6643,0.017,0.1763,0.1593,0.6643,xgboost
2026-08-28 17:00:00,USDCAD,1h,1.3905600309371948,HOLD,HOLD,0.5855,0.0072,0.2036,0.2109,0.5855,xgboost
2026-08-28 18:00:00,USDCAD,1h,1.3906699419021606,HOLD,HOLD,0.5776,0.0607,0.1809,0.2415,0.5776,xgboost
2026-08-28 19:00:00,USDCAD,1h,1.390239953994751,HOLD,HOLD,0.5728,0.0051,0.211,0.2162,0.5728,xgboost
2026-08-28 20:00:00,USDCAD,1h,1.3902000188827517,HOLD,HOLD,0.6651,0.007,0.164,0.171,0.6651,xgboost
2026-08-28 21:00:00,USDCAD,1h,1.3901000022888184,HOLD,HOLD,0.6974,0.1544,0.0741,0.2285,0.6974,xgboost
2026-08-28 22:00:00,USDCAD,1h,1.3902000188827517,HOLD,HOLD,0.6765,0.2303,0.0466,0.2769,0.6765,xgboost
2026-08-30 23:00:00,USDCAD,1h,1.3899799585342407,HOLD,HOLD,0.5104,0.1542,0.1677,0.3219,0.5104,xgboost
2026-08-31 00:00:00,USDCAD,1h,1.389870047569275,HOLD,HOLD,0.6742,0.107,0.2164,0.1094,0.6742,xgboost
2026-08-31 01:00:00,USDCAD,1h,1.3891099691390991,HOLD,HOLD,0.6858,0.2313,0.2728,0.0414,0.6858,xgboost
2026-08-31 02:00:00,USDCAD,1h,1.3890399932861328,HOLD,HOLD,0.6779,0.2392,0.2807,0.0415,0.6779,xgboost
2026-08-31 03:00:00,USDCAD,1h,1.389009952545166,HOLD,HOLD,0.7664,0.1542,0.1939,0.0397,0.7664,xgboost
2026-08-31 04:00:00,USDCAD,1h,1.3889700174331665,HOLD,HOLD,0.7466,0.1425,0.198,0.0555,0.7466,xgboost
2026-08-31 05:00:00,USDCAD,1h,1.3889000415802002,HOLD,HOLD,0.5533,0.2642,0.3555,0.0913,0.5533,xgboost
2026-08-31 06:00:00,USDCAD,1h,1.3897299766540527,HOLD,HOLD,0.5059,0.0688,0.2126,0.2815,0.5059,xgboost
2026-08-31 07:00:00,USDCAD,1h,1.3892799615859983,HOLD,BUY,0.4708,0.3575,0.4708,0.1133,0.4159,xgboost
2026-08-31 08:00:00,USDCAD,1h,1.3894000053405762,HOLD,BUY,0.5194,0.4356,0.5194,0.0839,0.3967,xgboost
2026-08-31 09:00:00,USDCAD,1h,1.3891500234603882,HOLD,HOLD,0.5413,0.2537,0.3562,0.1025,0.5413,xgboost
2026-08-31 10:00:00,USDCAD,1h,1.3894799947738647,HOLD,HOLD,0.4112,0.1455,0.3672,0.2217,0.4112,xgboost
2026-08-31 11:00:00,USDCAD,1h,1.3886899948120115,HOLD,BUY,0.5787,0.5135,0.5787,0.0652,0.356,xgboost
2026-08-31 12:00:00,USDCAD,1h,1.3880300521850586,BUY,BUY,0.7754,0.718,0.7754,0.0574,0.1671,xgboost
2026-08-31 13:00:00,USDCAD,1h,1.3875999450683594,BUY,BUY,0.7784,0.7237,0.7784,0.0547,0.1669,xgboost
2026-08-31 14:00:00,USDCAD,1h,1.3863400220870972,HOLD,BUY,0.5457,0.5173,0.5457,0.0284,0.4259,xgboost
2026-08-31 15:00:00,USDCAD,1h,1.386199951171875,BUY,BUY,0.7593,0.7457,0.7593,0.0136,0.2271,xgboost
2026-08-31 16:00:00,USDCAD,1h,1.3859699964523315,BUY,BUY,0.6532,0.6296,0.6532,0.0236,0.3232,xgboost
2026-08-31 17:00:00,USDCAD,1h,1.3856699466705322,HOLD,HOLD,0.8445,0.0485,0.102,0.0535,0.8445,xgboost
2026-08-31 18:00:00,USDCAD,1h,1.3855299949645996,HOLD,HOLD,0.8526,0.0521,0.0998,0.0477,0.8526,xgboost
2026-08-31 19:00:00,USDCAD,1h,1.3859100341796875,HOLD,HOLD,0.7419,0.1181,0.1881,0.07,0.7419,xgboost
2026-08-31 20:00:00,USDCAD,1h,1.38510000705719,HOLD,HOLD,0.904,0.0244,0.0358,0.0602,0.904,xgboost
2026-08-31 21:00:00,USDCAD,1h,1.385390043258667,HOLD,HOLD,0.8403,0.002,0.0809,0.0788,0.8403,xgboost
2026-08-31 22:00:00,USDCAD,1h,1.3854600191116333,HOLD,HOLD,0.8293,0.0208,0.075,0.0957,0.8293,xgboost
2026-08-31 23:00:00,USDCAD,1h,1.385210037231445,HOLD,HOLD,0.617,0.1617,0.1107,0.2723,0.617,xgboost
2026-09-01 00:00:00,USDCAD,1h,1.385390043258667,HOLD,HOLD,0.5057,0.132,0.1811,0.3131,0.5057,xgboost
2026-09-01 01:00:00,USDCAD,1h,1.3861199617385864,HOLD,HOLD,0.5554,0.1397,0.2921,0.1524,0.5554,xgboost
2026-09-01 02:00:00,USDCAD,1h,1.3862099647521973,HOLD,HOLD,0.4671,0.1453,0.3391,0.1938,0.4671,xgboost
2026-09-01 03:00:00,USDCAD,1h,1.3867700099945068,HOLD,HOLD,0.5471,0.1917,0.3223,0.1306,0.5471,xgboost
2026-09-01 04:00:00,USDCAD,1h,1.386620044708252,HOLD,BUY,0.4454,0.2228,0.4454,0.2226,0.332,xgboost
2026-09-01 05:00:00,USDCAD,1h,1.3866100311279297,HOLD,BUY,0.4799,0.1365,0.4799,0.3433,0.1768,xgboost
2026-09-01 06:00:00,USDCAD,1h,1.3866699934005735,BUY,BUY,0.6472,0.406,0.6472,0.2411,0.1117,xgboost
2026-09-01 07:00:00,USDCAD,1h,1.3868999481201172,BUY,BUY,0.7144,0.584,0.7144,0.1303,0.1553,xgboost
2026-09-01 08:00:00,USDCAD,1h,1.3870500326156616,BUY,BUY,0.6816,0.5287,0.6816,0.1529,0.1655,xgboost
2026-09-01 09:00:00,USDCAD,1h,1.3868900537490845,BUY,BUY,0.6879,0.5468,0.6879,0.1411,0.1709,xgboost
2026-09-01 10:00:00,USDCAD,1h,1.3869999647140503,BUY,BUY,0.7112,0.5822,0.7112,0.129,0.1597,xgboost
2026-09-01 11:00:00,USDCAD,1h,1.3880399465560913,HOLD,BUY,0.4811,0.0685,0.4811,0.4126,0.1063,xgboost
2026-09-01 12:00:00,USDCAD,1h,1.3882999420166016,HOLD,BUY,0.4772,0.0818,0.4772,0.3954,0.1274,xgboost
2026-09-01 13:00:00,USDCAD,1h,1.388659954071045,HOLD,BUY,0.5009,0.1284,0.5009,0.3725,0.1266,xgboost
2026-09-01 14:00:00,USDCAD,1h,1.3903299570083618,HOLD,HOLD,0.4651,0.1438,0.1956,0.3394,0.4651,xgboost
2026-09-01 15:00:00,USDCAD,1h,1.390339970588684,HOLD,HOLD,0.508,0.0316,0.2302,0.2618,0.508,xgboost
2026-09-01 16:00:00,USDCAD,1h,1.3904399871826172,HOLD,HOLD,0.355,0.057,0.294,0.351,0.355,xgboost
2026-09-01 17:00:00,USDCAD,1h,1.3904900550842283,HOLD,SELL,0.4566,0.2685,0.1881,0.4566,0.3553,xgboost
2026-09-01 18:00:00,USDCAD,1h,1.389359951019287,HOLD,HOLD,0.7827,0.0736,0.1455,0.0719,0.7827,xgboost
2026-09-28 15:00:00,USDCHF,1h,0.8321599960327148,HOLD,HOLD,0.7814,0.0029,0.1108,0.1078,0.7814,xgboost
2026-09-28 16:00:00,USDCHF,1h,0.8317499756813049,HOLD,HOLD,0.8465,0.0041,0.0747,0.0788,0.8465,xgboost
2026-09-28 17:00:00,USDCHF,1h,0.8314599990844727,HOLD,HOLD,0.9077,0.0079,0.0422,0.0501,0.9077,xgboost
2026-09-28 18:00:00,USDCHF,1h,0.8319000005722046,HOLD,HOLD,0.8843,0.0464,0.0346,0.081,0.8843,xgboost
2026-09-28 19:00:00,USDCHF,1h,0.832040011882782,HOLD,HOLD,0.7774,0.1312,0.0457,0.1769,0.7774,xgboost
2026-09-28 20:00:00,USDCHF,1h,0.8319100141525269,HOLD,HOLD,0.7543,0.1047,0.1752,0.0705,0.7543,xgboost
2026-09-28 21:00:00,USDCHF,1h,0.8313999772071838,HOLD,HOLD,0.658,0.1766,0.2593,0.0827,0.658,xgboost
2026-09-28 22:00:00,USDCHF,1h,0.8318600058555603,HOLD,HOLD,0.7834,0.0341,0.1253,0.0912,0.7834,xgboost
2026-09-28 23:00:00,USDCHF,1h,0.831820011138916,HOLD,HOLD,0.7351,0.0568,0.104,0.1608,0.7351,xgboost
2026-09-29 00:00:00,USDCHF,1h,0.8323299884796143,HOLD,HOLD,0.7777,0.0685,0.0769,0.1454,0.7777,xgboost
2026-09-29 01:00:00,USDCHF,1h,0.8323500156402588,HOLD,HOLD,0.6462,0.2082,0.0728,0.281,0.6462,xgboost
2026-09-29 02:00:00,USDCHF,1h,0.8322499990463257,HOLD,SELL,0.4727,0.3907,0.082,0.4727,0.4452,xgboost
2026-09-29 03:00:00,USDCHF,1h,0.8328999876976013,HOLD,SELL,0.4688,0.3319,0.137,0.4688,0.3942,xgboost
2026-09-29 04:00:00,USDCHF,1h,0.8334199786186218,HOLD,SELL,0.5636,0.4039,0.1597,0.5636,0.2767,xgboost
2026-09-29 05:00:00,USDCHF,1h,0.8331000208854675,HOLD,SELL,0.5109,0.2033,0.3076,0.5109,0.1816,xgboost
2026-09-29 06:00:00,USDCHF,1h,0.8334400057792664,HOLD,BUY,0.4629,0.1658,0.4629,0.2971,0.2401,xgboost
2026-09-29 07:00:00,USDCHF,1h,0.8333699703216553,HOLD,BUY,0.4244,0.1073,0.4244,0.3171,0.2586,xgboost
2026-09-29 08:00:00,USDCHF,1h,0.8340399861335754,HOLD,BUY,0.47,0.1753,0.47,0.2947,0.2353,xgboost
2026-09-29 09:00:00,USDCHF,1h,0.8348000049591064,HOLD,BUY,0.358,0.0298,0.358,0.3282,0.3138,xgboost
2026-09-29 10:00:00,USDCHF,1h,0.8332099914550781,HOLD,HOLD,0.3765,0.1097,0.3666,0.2569,0.3765,xgboost
2026-09-29 11:00:00,USDCHF,1h,0.8331800103187561,HOLD,BUY,0.4396,0.206,0.4396,0.2336,0.3269,xgboost
2026-09-29 12:00:00,USDCHF,1h,0.8337200284004211,HOLD,BUY,0.4086,0.2237,0.4086,0.1849,0.4065,xgboost
2026-09-29 13:00:00,USDCHF,1h,0.8339200019836426,HOLD,HOLD,0.4968,0.199,0.3511,0.1521,0.4968,xgboost
2026-09-29 14:00:00,USDCHF,1h,0.8341299891471863,HOLD,HOLD,0.5636,0.004,0.2162,0.2202,0.5636,xgboost
2026-09-29 15:00:00,USDCHF,1h,0.8346499800682068,HOLD,HOLD,0.469,0.033,0.282,0.249,0.469,xgboost
2026-09-29 16:00:00,USDCHF,1h,0.8356900215148926,HOLD,SELL,0.4521,0.3368,0.1153,0.4521,0.4326,xgboost
2026-09-29 17:00:00,USDCHF,1h,0.8356800079345703,HOLD,HOLD,0.48,0.3897,0.0652,0.4548,0.48,xgboost
2026-09-29 18:00:00,USDCHF,1h,0.8335400223731995,HOLD,HOLD,0.8348,0.0361,0.0645,0.1007,0.8348,xgboost
2026-09-29 19:00:00,USDCHF,1h,0.8339200019836426,HOLD,HOLD,0.7855,0.046,0.0843,0.1302,0.7855,xgboost
2026-09-29 20:00:00,USDCHF,1h,0.8337699770927429,HOLD,HOLD,0.6896,0.144,0.2272,0.0832,0.6896,xgboost
2026-09-29 21:00:00,USDCHF,1h,0.8329799771308899,HOLD,HOLD,0.7882,0.0006,0.1062,0.1056,0.7882,xgboost
2026-09-29 22:00:00,USDCHF,1h,0.8342300057411194,HOLD,HOLD,0.7522,0.0493,0.1485,0.0992,0.7522,xgboost
2026-09-29 23:00:00,USDCHF,1h,0.8342000246047974,HOLD,HOLD,0.8132,0.0197,0.0836,0.1033,0.8132,xgboost
2026-09-30 00:00:00,USDCHF,1h,0.8341799974441528,HOLD,HOLD,0.6156,0.0719,0.1562,0.2282,0.6156,xgboost
2026-09-30 01:00:00,USDCHF,1h,0.8338299989700317,HOLD,BUY,0.3673,0.0768,0.3673,0.2905,0.3422,xgboost
2026-09-30 02:00:00,USDCHF,1h,0.8334900140762329,HOLD,HOLD,0.3763,0.0165,0.3201,0.3036,0.3763,xgboost
2026-09-30 03:00:00,USDCHF,1h,0.83433997631073,HOLD,SELL,0.4794,0.2691,0.2103,0.4794,0.3102,xgboost
2026-09-30 04:00:00,USDCHF,1h,0.8345999717712402,SELL,SELL,0.6285,0.4617,0.1668,0.6285,0.2047,xgboost
2026-09-30 05:00:00,USDCHF,1h,0.8336399793624878,HOLD,BUY,0.4723,0.088,0.4723,0.3843,0.1435,xgboost
2026-09-30 06:00:00,USDCHF,1h,0.833299994468689,HOLD,BUY,0.5115,0.1752,0.5115,0.3364,0.1521,xgboost
2026-09-30 07:00:00,USDCHF,1h,0.8335700035095215,HOLD,BUY,0.5598,0.2346,0.5598,0.3252,0.115,xgboost
2026-09-30 08:00:00,USDCHF,1h,0.8325200080871582,BUY,BUY,0.6521,0.3896,0.6521,0.2625,0.0853,xgboost
2026-09-30 09:00:00,USDCHF,1h,0.833549976348877,HOLD,BUY,0.5581,0.2245,0.5581,0.3336,0.1084,xgboost
2026-09-30 10:00:00,USDCHF,1h,0.8337399959564209,HOLD,BUY,0.4643,0.0956,0.4643,0.3687,0.1671,xgboost
2026-09-30 11:00:00,USDCHF,1h,0.8345800042152405,HOLD,SELL,0.5493,0.2298,0.3195,0.5493,0.1312,xgboost
2026-09-30 12:00:00,USDCHF,1h,0.8336600065231323,HOLD,BUY,0.4479,0.1384,0.4479,0.3095,0.2425,xgboost
2026-09-30 13:00:00,USDCHF,1h,0.8343499898910522,HOLD,HOLD,0.4867,0.0265,0.2699,0.2434,0.4867,xgboost
2026-09-30 14:00:00,USDCHF,1h,0.8347300291061401,HOLD,HOLD,0.4726,0.2441,0.1416,0.3858,0.4726,xgboost
2026-09-30 15:00:00,USDCHF,1h,0.8347700238227844,HOLD,HOLD,0.598,0.2561,0.073,0.329,0.598,xgboost
2026-09-30 16:00:00,USDCHF,1h,0.8350800275802612,HOLD,HOLD,0.6328,0.2305,0.0684,0.2988,0.6328,xgboost
2026-09-30 17:00:00,USDCHF,1h,0.8353099822998047,HOLD,HOLD,0.6123,0.2775,0.0551,0.3326,0.6123,xgboost
2026-09-30 18:00:00,USDCHF,1h,0.8353899717330933,HOLD,HOLD,0.6255,0.3055,0.0345,0.34,0.6255,xgboost
2026-09-30 19:00:00,USDCHF,1h,0.8355500102043152,HOLD,HOLD,0.58,0.2853,0.0673,0.3527,0.58,xgboost
2026-09-30 20:00:00,USDCHF,1h,0.8354799747467041,HOLD,HOLD,0.7066,0.0042,0.1446,0.1488,0.7066,xgboost
2026-09-30 21:00:00,USDCHF,1h,0.8349599838256836,HOLD,HOLD,0.6777,0.083,0.2026,0.1196,0.6777,xgboost
2026-09-30 22:00:00,USDCHF,1h,0.8355100154876709,HOLD,HOLD,0.7449,0.0276,0.1413,0.1137,0.7449,xgboost
2026-09-30 23:00:00,USDCHF,1h,0.835640013217926,HOLD,HOLD,0.7079,0.034,0.1291,0.1631,0.7079,xgboost
2026-10-01 00:00:00,USDCHF,1h,0.8351699709892273,HOLD,HOLD,0.6363,0.2497,0.3067,0.057,0.6363,xgboost
2026-10-01 01:00:00,USDCHF,1h,0.8360599875450134,HOLD,HOLD,0.5054,0.1724,0.3335,0.1611,0.5054,xgboost
2026-10-01 02:00:00,USDCHF,1h,0.8361600041389465,HOLD,HOLD,0.6195,0.082,0.1492,0.2312,0.6195,xgboost
2026-10-01 03:00:00,USDCHF,1h,0.8357700109481812,HOLD,HOLD,0.5793,0.0376,0.1916,0.2291,0.5793,xgboost
2026-10-01 04:00:00,USDCHF,1h,0.8366299867630005,HOLD,SELL,0.4908,0.2899,0.2009,0.4908,0.3083,xgboost
2026-10-01 05:00:00,USDCHF,1h,0.8365300297737122,SELL,SELL,0.6555,0.5411,0.1143,0.6555,0.2302,xgboost
2026-10-01 06:00:00,USDCHF,1h,0.8364700078964233,SELL,SELL,0.6522,0.5796,0.0726,0.6522,0.2752,xgboost
2026-09-28 16:00:00,USDJPY,1h,157.302001953125,HOLD,HOLD,0.5584,0.1449,0.1484,0.2932,0.5584,xgboost
2026-09-28 17:00:00,USDJPY,1h,157.25999450683594,HOLD,HOLD,0.4601,0.246,0.1469,0.393,0.4601,xgboost
2026-09-28 18:00:00,USDJPY,1h,157.39599609375,HOLD,HOLD,0.6675,0.1006,0.2165,0.116,0.6675,xgboost
2026-09-28 19:00:00,USDJPY,1h,157.4250030517578,HOLD,HOLD,0.6531,0.0917,0.2193,0.1276,0.6531,xgboost
2026-09-28 20:00:00,USDJPY,1h,157.33599853515625,HOLD,HOLD,0.6735,0.1055,0.1105,0.216,0.6735,xgboost
2026-09-28 21:00:00,USDJPY,1h,157.375,HOLD,HOLD,0.4353,0.176,0.3703,0.1943,0.4353,xgboost
2026-09-28 22:00:00,USDJPY,1h,157.43299865722656,HOLD,BUY,0.408,0.178,0.408,0.2301,0.3619,xgboost
2026-09-28 23:00:00,USDJPY,1h,157.36199951171875,HOLD,BUY,0.4294,0.2309,0.4294,0.1985,0.3722,xgboost
2026-09-29 00:00:00,USDJPY,1h,157.3419952392578,HOLD,BUY,0.3931,0.1496,0.3931,0.2435,0.3634,xgboost
2026-09-29 01:00:00,USDJPY,1h,157.4739990234375,HOLD,BUY,0.561,0.3655,0.561,0.1954,0.2436,xgboost
2026-09-29 02:00:00,USDJPY,1h,157.3560028076172,HOLD,BUY,0.4858,0.2048,0.4858,0.281,0.2332,xgboost
2026-09-29 03:00:00,USDJPY,1h,157.41400146484375,HOLD,BUY,0.5962,0.3769,0.5962,0.2193,0.1845,xgboost
2026-09-29 04:00:00,USDJPY,1h,157.53799438476562,HOLD,BUY,0.583,0.3936,0.583,0.1894,0.2275,xgboost
2026-09-29 05:00:00,USDJPY,1h,157.3489990234375,HOLD,BUY,0.5938,0.3879,0.5938,0.2059,0.2003,xgboost
2026-09-29 06:00:00,USDJPY,1h,157.46499633789062,HOLD,BUY,0.5759,0.3626,0.5759,0.2133,0.2108,xgboost
2026-09-29 07:00:00,USDJPY,1h,157.37600708007812,BUY,BUY,0.6896,0.5696,0.6896,0.12,0.1903,xgboost
2026-09-29 08:00:00,USDJPY,1h,157.36000061035156,BUY,BUY,0.6803,0.5671,0.6803,0.1132,0.2065,xgboost
2026-09-29 09:00:00,USDJPY,1h,157.69500732421875,BUY,BUY,0.6379,0.5319,0.6379,0.1061,0.256,xgboost
2026-09-29 10:00:00,USDJPY,1h,157.197998046875,BUY,BUY,0.8147,0.7295,0.8147,0.0852,0.1001,xgboost
2026-09-29 11:00:00,USDJPY,1h,157.16000366210938,BUY,BUY,0.7998,0.7162,0.7998,0.0836,0.1165,xgboost
2026-09-29 12:00:00,USDJPY,1h,157.33999633789062,HOLD,BUY,0.5352,0.4461,0.5352,0.0891,0.3757,xgboost
2026-09-29 13:00:00,USDJPY,1h,157.4600067138672,HOLD,HOLD,0.6922,0.2197,0.2637,0.044,0.6922,xgboost
2026-09-29 14:00:00,USDJPY,1h,157.5749969482422,HOLD,HOLD,0.6617,0.2254,0.2818,0.0564,0.6617,xgboost
2026-09-29 15:00:00,USDJPY,1h,157.5,HOLD,HOLD,0.7131,0.1628,0.2248,0.062,0.7131,xgboost
2026-09-29 16:00:00,USDJPY,1h,157.46099853515625,HOLD,HOLD,0.6865,0.1611,0.2373,0.0762,0.6865,xgboost
2026-09-29 17:00:00,USDJPY,1h,157.48599243164062,HOLD,HOLD,0.6876,0.086,0.1992,0.1132,0.6876,xgboost
2026-09-29 18:00:00,USDJPY,1h,157.20899963378906,HOLD,BUY,0.4748,0.3714,0.4748,0.1034,0.4218,xgboost
2026-09-29 19:00:00,USDJPY,1h,157.33200073242188,HOLD,HOLD,0.6087,0.1693,0.2803,0.111,0.6087,xgboost
2026-09-29 20:00:00,USDJPY,1h,157.2760009765625,HOLD,HOLD,0.5517,0.2281,0.3382,0.1101,0.5517,xgboost
2026-09-29 21:00:00,USDJPY,1h,157.26400756835938,HOLD,BUY,0.534,0.3053,0.534,0.2287,0.2373,xgboost
2026-09-29 22:00:00,USDJPY,1h,157.35899353027344,HOLD,BUY,0.5094,0.3736,0.5094,0.1359,0.3547,xgboost
2026-09-29 23:00:00,USDJPY,1h,157.4199981689453,HOLD,BUY,0.5156,0.3685,0.5156,0.1471,0.3373,xgboost
2026-09-30 00:00:00,USDJPY,1h,157.1179962158203,HOLD,BUY,0.4756,0.1075,0.4756,0.3682,0.1562,xgboost
2026-09-30 01:00:00,USDJPY,1h,156.74600219726562,HOLD,BUY,0.5298,0.181,0.5298,0.3488,0.1214,xgboost
2026-09-30 02:00:00,USDJPY,1h,156.66200256347656,HOLD,BUY,0.4826,0.1168,0.4826,0.3657,0.1517,xgboost
2026-09-30 03:00:00,USDJPY,1h,156.8679962158203,HOLD,SELL,0.4407,0.0411,0.3996,0.4407,0.1598,xgboost
2026-09-30 04:00:00,USDJPY,1h,157.13600158691406,HOLD,BUY,0.4714,0.1774,0.4714,0.294,0.2346,xgboost
2026-09-30 05:00:00,USDJPY,1h,156.88800048828125,HOLD,SELL,0.5177,0.1807,0.3371,0.5177,0.1452,xgboost
2026-09-30 06:00:00,USDJPY,1h,156.83299255371094,HOLD,BUY,0.5349,0.2602,0.5349,0.2747,0.1903,xgboost
2026-09-30 07:00:00,USDJPY,1h,156.88299560546875,HOLD,BUY,0.5018,0.2046,0.5018,0.2972,0.2009,xgboost
2026-09-30 08:00:00,USDJPY,1h,156.95700073242188,HOLD,BUY,0.5295,0.3252,0.5295,0.2043,0.2662,xgboost
2026-09-30 09:00:00,USDJPY,1h,157.06100463867188,HOLD,BUY,0.5095,0.3199,0.5095,0.1896,0.3009,xgboost
2026-09-30 10:00:00,USDJPY,1h,157.0260009765625,HOLD,BUY,0.5748,0.3835,0.5748,0.1913,0.2339,xgboost
2026-09-30 11:00:00,USDJPY,1h,157.02200317382812,HOLD,BUY,0.4877,0.3051,0.4877,0.1827,0.3296,xgboost
2026-09-30 12:00:00,USDJPY,1h,156.8560028076172,HOLD,BUY,0.5104,0.3308,0.5104,0.1796,0.31,xgboost
2026-09-30 13:00:00,USDJPY,1h,156.79299926757812,HOLD,HOLD,0.7207,0.1427,0.211,0.0683,0.7207,xgboost
2026-09-30 14:00:00,USDJPY,1h,157.13400268554688,HOLD,HOLD,0.6139,0.1682,0.2772,0.1089,0.6139,xgboost
2026-09-30 15:00:00,USDJPY,1h,157.24400329589844,HOLD,HOLD,0.6751,0.1206,0.2227,0.1021,0.6751,xgboost
2026-09-30 16:00:00,USDJPY,1h,157.26699829101562,HOLD,HOLD,0.6727,0.0182,0.1727,0.1546,0.6727,xgboost
2026-09-30 17:00:00,USDJPY,1h,157.3000030517578,HOLD,HOLD,0.7064,0.0069,0.1502,0.1433,0.7064,xgboost
2026-09-30 18:00:00,USDJPY,1h,157.3280029296875,HOLD,HOLD,0.7555,0.0221,0.1333,0.1112,0.7555,xgboost
2026-09-30 19:00:00,USDJPY,1h,157.38600158691406,HOLD,HOLD,0.707,0.0141,0.1535,0.1395,0.707,xgboost
2026-09-30 20:00:00,USDJPY,1h,157.39199829101562,HOLD,HOLD,0.7902,0.0233,0.0933,0.1165,0.7902,xgboost
2026-09-30 21:00:00,USDJPY,1h,157.32699584960938,HOLD,HOLD,0.6597,0.0428,0.1488,0.1916,0.6597,xgboost
2026-09-30 22:00:00,USDJPY,1h,157.4340057373047,HOLD,HOLD,0.6203,0.0717,0.154,0.2257,0.6203,xgboost
2026-09-30 23:00:00,USDJPY,1h,157.5659942626953,HOLD,HOLD,0.6517,0.1733,0.0875,0.2608,0.6517,xgboost
2026-10-01 00:00:00,USDJPY,1h,157.91799926757812,HOLD,SELL,0.3786,0.1336,0.245,0.3786,0.3764,xgboost
2026-10-01 01:00:00,USDJPY,1h,158.15699768066406,HOLD,SELL,0.469,0.2705,0.1985,0.469,0.3324,xgboost
2026-10-01 02:00:00,USDJPY,1h,158.10899353027344,HOLD,HOLD,0.4566,0.0021,0.2727,0.2707,0.4566,xgboost
2026-10-01 03:00:00,USDJPY,1h,158.11099243164062,HOLD,HOLD,0.4628,0.0465,0.2919,0.2454,0.4628,xgboost
2026-10-01 04:00:00,USDJPY,1h,158.2790069580078,HOLD,SELL,0.427,0.2578,0.1691,0.427,0.4039,xgboost
2026-10-01 05:00:00,USDJPY,1h,158.3820037841797,HOLD,SELL,0.4142,0.2314,0.1828,0.4142,0.403,xgboost
2026-10-01 06:00:00,USDJPY,1h,158.1479949951172,HOLD,HOLD,0.6279,0.0074,0.1824,0.1898,0.6279,xgboost
2026-10-01 07:00:00,USDJPY,1h,158.29800415039062,HOLD,HOLD,0.6587,0.0191,0.1611,0.1802,0.6587,xgboost
