rank,pair,job_id,pf,wr,n,dd,total_return,sma_pf,qa,promote,note
1,USDJPY,ef6fe062c6f84cccaf8c9d55facddeeb,3.037,0.728,5694,-0.033,613.61,0.851,TRUST,,
2,EURJPY,a425878558e4453f832e5c6fa112c510,3.037,0.723,5934,-0.0235,1198.89,0.862,TRUST,,
3,AUDUSD,6a5653c8d5fc4f43aa896ca8c26a6150,2.98,0.724,5977,-0.0318,4316.04,0.786,TRUST,,
4,NZDUSD,83c2715df9104a099056b96812141c42,2.851,0.709,5695,-0.0294,3047.89,0.749,TRUST,,
5,GBPJPY,1b8485ecd70c4f7e82b17bc25548c117,2.78,0.711,5904,-0.0209,2216.14,0.856,TRUST,,
6,USDCAD,a9b26129d9a44f86b2f89646d4698ff3,2.735,0.705,6164,-0.0246,238.13,0.798,TRUST,,
7,GBPUSD,d6a6f7a60036404aabb1e57dd1da8725,2.601,0.701,6149,-0.0261,604.22,0.822,TRUST,,
8,USDCHF,d9f7260455da471791ff88d6044bd107,2.601,0.702,6211,-0.0242,377.53,0.785,TRUST,,
9,EURGBP,1bece8f2ecd14e7180eb920d413dc470,2.382,0.687,6255,-0.041,142.84,0.755,TRUST,,
10,EURUSD,2cee7e7163134266ad8c2b39234442d8,1.989,0.648,3791,-0.1,11.17,0.883,ACTIVE,,Live Active; tip refreshed; pin stands
